job_id,job_key,company_name,url,title,location,description,qualifications,working_condition,ai_summary,title_ja,description_ja,qualifications_ja,working_condition_ja,job_category,language_tags,ai_related,work_style,employment_type,experience_level_hint,global_related,tech_keywords,job_score,job_reason
4089245004,paypay__4089245004,paypay,https://job-boards.greenhouse.io/paypay/jobs/4089245004,エンタープライズ営業担当,Hybrid,,,,エンタープライズ営業担当の求人で、勤務地はハイブリッドです。応募要件や勤務条件の詳細は記載されていませんが、営業経験が求められる可能性があります。興味のある方は、具体的な情報を確認することをお勧めします。,エンタープライズ営業担当,当社のエンタープライズ営業チームに参加し、大規模顧客との関係構築や新規ビジネスの開拓を行います。市場のニーズを理解し、最適なソリューションを提案することが求められます。,営業経験が3年以上あり、特にエンタープライズ向けの営業に携わったことがある方。優れたコミュニケーション能力と交渉力を持ち、チームでの協力ができる方。,フルタイム勤務。リモートワークの可能性あり。給与は経験に応じて決定します。,Other,,No,Hybrid,FullTime,Intermediate,No,,15,"['Otherカテゴリ', 'ハイブリッド勤務']"
4089251004,paypay__4089251004,paypay,https://job-boards.greenhouse.io/paypay/jobs/4089251004,Frontend Engineer,Hybrid,"We are looking for a web frontend engineer to join PayPay. You will be building features that change how people in Japan use and manage their finances and business. As a fast-paced company leading the payments industry, we need our engineers to be versatile and enthusiastic to take on new challenges in order to stay at the forefront.",,,PayPayでは、ハイブリッド勤務のフロントエンドエンジニアを募集しています。日本の人々の金融管理やビジネスの利用方法を変える機能を構築する役割で、柔軟性と新しい挑戦に対する意欲が求められます。,フロントエンドエンジニア,PayPayに参加するウェブフロントエンドエンジニアを募集しています。日本の人々が財務やビジネスを管理する方法を変える機能を構築していただきます。急成長中の決済業界のリーダーとして、私たちはエンジニアが多様なスキルを持ち、新しい挑戦に対して熱意を持って取り組むことを求めています。,,,Frontend,,No,Hybrid,Unknown,Unknown,No,,32,"['Frontendカテゴリ', 'ハイブリッド勤務', '情報量が十分']"
4089304004,paypay__4089304004,paypay,https://job-boards.greenhouse.io/paypay/jobs/4089304004,IT統制担当/IT Controller,Hybrid,,,,IT統制担当（IT Controller）の求人で、勤務地はハイブリッド勤務です。応募要件や具体的な仕事内容は記載されていませんが、IT管理に関する経験が求められる可能性があります。柔軟な働き方を希望する方に適しています。,IT統制担当,,,,Other,,No,Hybrid,Unknown,Unknown,No,,15,"['Otherカテゴリ', 'ハイブリッド勤務']"
4090172004,paypay__4090172004,paypay,https://job-boards.greenhouse.io/paypay/jobs/4090172004,Automation QA Engineer,Hybrid,,"Minimum 3+ years of experience in developing, executing, and maintaining automated test cases for mobile applications, web applications, and/or APIs. Proven professional experience with at least one of the following automation frameworks/tools: Appium (for mobile), Selenium (for web), or Rest-Assured (for APIs). Proficient in utilizing Cucumber for defining and executing test cases. Well-versed in Continuous Integration/Continuous Deployment (CI/CD) tools such as Jenkins, Bitrise, or similar platforms. Basic understanding of microservices architecture and its associated testing challenges. Strong ability to analyze technical requirements, design comprehensive test strategies, and create detailed, effective test cases. Exceptional analytical and problem-solving skills, coupled with a meticulous attention to detail. Excellent communication skills, a team-oriented mindset, and the ability to work effectively both independently and collaboratively. Hands-on experience with AI productivity tools (NotebookLM, Gemini, Cursor AI, GitHub Copilot). Knowledge of OpenAI API usage, key management, embeddings, and LLM integration workflows. Familiarity with MCP server concepts and their integration in test automation pipelines. Understanding of AI system validation techniques, including testing for bias, hallucinations, drift, and robustness.",,Automation QA Engineerの求人で、ハイブリッド勤務が可能です。応募には、モバイルやウェブアプリ、APIの自動テストケースの開発・実行・保守に3年以上の経験が必要で、AppiumやSeleniumなどの自動化ツールの使用経験が求められます。また、CI/CDツールやAI関連の知識も必要です。,自動化QAエンジニア,モバイルアプリケーション、ウェブアプリケーション、またはAPIの自動テストケースの開発、実行、保守において、最低3年以上の経験を持つ方を募集します。Appium（モバイル用）、Selenium（ウェブ用）、またはRest-Assured（API用）のいずれかの自動化フレームワーク/ツールに関する実務経験が必要です。Cucumberを使用してテストケースを定義・実行する能力が求められます。Jenkins、BitriseなどのCI/CDツールに精通していることが望ましいです。マイクロサービスアーキテクチャとそのテストに関連する課題についての基本的な理解が必要です。技術要件を分析し、包括的なテスト戦略を設計し、詳細で効果的なテストケースを作成する能力が求められます。優れた分析力と問題解決能力、細部への注意力が必要です。優れたコミュニケーションスキルとチーム志向のマインドセットを持ち、独立しても協力しても効果的に働ける方を歓迎します。AI生産性ツール（NotebookLM、Gemini、Cursor AI、GitHub Copilot）を使用した実務経験がある方が望ましいです。OpenAI APIの使用、キー管理、埋め込み、LLM統合ワークフローに関する知識があると尚良いです。テスト自動化パイプラインにおけるMCPサーバーの概念とその統合についての理解が求められます。AIシステムの検証技術、バイアス、幻覚、ドリフト、堅牢性のテストを含む理解が必要です。,モバイルアプリケーション、ウェブアプリケーション、またはAPIの自動テストケースの開発、実行、保守において最低3年以上の経験。Appium、Selenium、またはRest-Assuredのいずれかの自動化フレームワーク/ツールに関する実務経験。Cucumberを使用したテストケースの定義・実行に熟練。Jenkins、BitriseなどのCI/CDツールに精通。マイクロサービスアーキテクチャの基本的な理解。技術要件の分析、テスト戦略の設計、効果的なテストケースの作成能力。優れた分析力、問題解決能力、細部への注意力。優れたコミュニケーションスキル、チーム志向、独立しても協力しても働ける能力。AI生産性ツールの実務経験。OpenAI API、キー管理、埋め込み、LLM統合ワークフローに関する知識。MCPサーバーの概念とテスト自動化パイプラインへの統合の理解。AIシステム検証技術の理解。,詳細は面談時にお伝えします。,Other,Java|Python,Yes,Hybrid,FullTime,Intermediate,No,Appium|Selenium|Rest-Assured|Cucumber|Jenkins|Bitrise,59,"['Otherカテゴリ', 'AI関連', 'ハイブリッド勤務', '技術スタック情報あり', '主要技術キーワードあり', '情報量が豊富']"
4092131004,paypay__4092131004,paypay,https://job-boards.greenhouse.io/paypay/jobs/4092131004,障がい者採用(事務スタッフ/Hybrid Workstyle勤務/全国勤務可),Remote,,,,障がい者を対象とした事務スタッフの求人で、全国どこからでもリモート勤務が可能です。ハイブリッドワークスタイルを採用しており、柔軟な働き方ができます。応募要件や具体的な仕事内容は記載されていません。,障がい者採用 事務スタッフ,全国で勤務可能な事務スタッフを募集しています。ハイブリッドワークスタイルでの勤務が可能です。,障がい者手帳をお持ちの方。事務経験があれば尚可。,ハイブリッドワークスタイル、全国勤務可。,Other,,No,Hybrid,Unknown,Unknown,Yes,,30,"['Otherカテゴリ', 'グローバル要素あり', 'ハイブリッド勤務']"
4726951004,paypay__4726951004,paypay,https://job-boards.greenhouse.io/paypay/jobs/4726951004,ポイントソリューション営業担当,Hybrid,,,,ポイントソリューション営業担当の求人で、勤務地はハイブリッド勤務です。応募要件や具体的な仕事内容は記載されていませんが、営業経験が求められる可能性があります。勤務条件についての詳細は不明です。,ポイントソリューション営業担当,当社のポイントソリューションを提供する営業チームの一員として、顧客との関係構築や新規顧客の開拓を行います。市場のニーズを把握し、最適なソリューションを提案する役割を担います。,営業経験があり、コミュニケーション能力に優れた方。ポイントソリューションや関連技術に関する知識があれば尚可。,フルタイム勤務。勤務地は東京。,Other,,No,Hybrid,FullTime,Unknown,No,,15,"['Otherカテゴリ', 'ハイブリッド勤務']"
4888665004,paypay__4888665004,paypay,https://job-boards.greenhouse.io/paypay/jobs/4888665004,Principal Software Engineer,Hybrid,"We are looking for a Principal Software Engineer to work on our various systems which need high scalability, reliability and availability. These challenges require creative thinking and a deep understanding of how software and platform work.
Our ideal candidate is an ace problem solver and a learner at heart. You should have a very high degree of comfort in a programming language of your choice. We offer a flexible work schedule and you get your choice of tools (both hardware and software) and most importantly, the opportunity to work on tough problems with the brightest minds around you. So, if challenges excite you, and you're ready for a big one, let us know.
Responsibilities:
Design, develop, test, deploy, maintain and improve software and core platform Lead technical aspects for multiple projects through hands-on execution and guidance of other engineers Provide architectural blueprints and technical leadership. Provides input and guidance during all phases of programs to solve challenging technical issues. Build common platforms to support different business vertical application systems Develop tools and contribute to open source wherever possible Adopt problem-solving as a way of life – always go to the root cause!
Experience:
Solid foundation in designing, implementing, and maintaining a large-scale distributed system. Experience in developing distributed platform systems such as Messaging Platforms, Pub/Sub Systems, Databases, Distributed Computing Frameworks, and Schedulers.
Tech Stack:
Our technology stack may vary based on project needs. Currently, we utilize:
Programming Languages: Java, Kotlin, Scala Frameworks and Tools: Spring Boot, JUnit, Resilience4j, Feign Databases: MySQL/AuroraDB, DynamoDB, ELK, Kafka, Redis, TiDB Deployment and Orchestration: Docker, Kubernetes, ArgoCD, AWS, GCP Development Tools: GitHub, IntelliJ, Gradle, Maven, npm/yarn, Flyway, Jenkins Data Analytics: BigQuery, Kibana, Spark Diagramming Tools: PlantUML, draw.io , miro.com Communication: Slack, Zoom
Qualifications:
Degree in Computer Engineering or Computer Science or 7+ years equivalent experience in software development Strong fundamentals in data structure, algorithm, operating system and object-oriented programming Deep understanding of concurrency, distributed computing, large-scale system, messaging and algorithm Software development experience in one or more general-purpose programming languages Interest and ability to learn new technology stacks as needed
Preferred Qualifications:
Experience in working for system development in finance, payment, or similar industries Experience with AWS services Contribute to open-source projects Language ability in Japanese and English is a plus (We have a professional translator but it is nice to have language skills)
Portrait:
Experience: Demonstrated experience designing and implementing large scale, high performance, micro-service based architectures utilizing new concepts and technologies where appropriate. Ownership: A mentoring approach to owning, managing and improving the technical aspects of a large scale system end to end. Communication : The ability to clearly and logically communicate your choice of technology and architectural decision based on its implementation strengths and limitations. Commitment : As a professional, commit to the growth and business goals of the organization and create impactful results by your ownership. Curiosity: Foster a development culture that explores new ideas knowing that we learn even from the ones that fail.",,,ハイブリッド勤務のPrincipal Software Engineerを募集しています。大規模で信頼性の高いシステムの設計・開発・改善を行い、他のエンジニアを指導する役割です。プログラミング言語に精通し、分散システムやマイクロサービスアーキテクチャの経験が求められます。,プリンシパルソフトウェアエンジニア,高いスケーラビリティ、信頼性、可用性が求められるさまざまなシステムに取り組むプリンシパルソフトウェアエンジニアを募集しています。このような課題には創造的な思考とソフトウェアおよびプラットフォームの深い理解が必要です。理想的な候補者は問題解決の達人であり、学ぶことに情熱を持っています。選択したプログラミング言語に非常に高い快適さを持っている必要があります。柔軟な勤務スケジュールを提供し、ハードウェアとソフトウェアのツールを自由に選択でき、最も重要なことは、周囲の優秀な人々と共に難しい問題に取り組む機会が得られることです。挑戦が好きで、大きな挑戦に準備ができている方はぜひご連絡ください。,コンピュータ工学またはコンピュータサイエンスの学位、またはソフトウェア開発における7年以上の同等の経験。データ構造、アルゴリズム、オペレーティングシステム、オブジェクト指向プログラミングの強固な基礎。並行処理、分散コンピューティング、大規模システム、メッセージング、アルゴリズムに関する深い理解。一般的なプログラミング言語の1つ以上でのソフトウェア開発経験。必要に応じて新しい技術スタックを学ぶ意欲と能力。,プロジェクトのニーズに応じて技術スタックが異なる場合があります。現在使用している技術スタックには、Java、Kotlin、Scalaなどのプログラミング言語、Spring Boot、JUnit、Resilience4j、Feignなどのフレームワークとツール、MySQL/AuroraDB、DynamoDB、ELK、Kafka、Redis、TiDBなどのデータベース、Docker、Kubernetes、ArgoCD、AWS、GCPなどのデプロイおよびオーケストレーション、GitHub、IntelliJ、Gradle、Maven、npm/yarn、Flyway、Jenkinsなどの開発ツール、BigQuery、Kibana、Sparkなどのデータ分析ツール、PlantUML、draw.io、miro.comなどの図作成ツール、Slack、Zoomなどのコミュニケーションツールが含まれます。,Backend,Java|Kotlin|Scala,No,Hybrid,FullTime,Advanced,Yes,Spring Boot|JUnit|Resilience4j|Feign|MySQL|AuroraDB|DynamoDB|ELK|Kafka|Redis|TiDB|Docker|Kubernetes|ArgoCD|AWS|GCP|GitHub|IntelliJ|Gradle|Maven|npm|yarn|Flyway|Jenkins|BigQuery|Kibana|Spark|PlantUML|draw.io|miro.com|Slack|Zoom,76,"['Backendカテゴリ', 'グローバル要素あり', 'ハイブリッド勤務', '技術スタック情報あり', '主要技術キーワードあり', '情報量が豊富']"
4896155004,paypay__4896155004,paypay,https://job-boards.greenhouse.io/paypay/jobs/4896155004,金融法務担当,Hybrid,,,,金融法務担当の求人で、勤務地はハイブリッド勤務です。応募要件や具体的な仕事内容は記載されていませんが、金融関連の法務業務に従事するポジションです。勤務条件についての詳細も不明ですが、柔軟な働き方が可能です。,金融法務担当,金融業界における法務業務を担当していただきます。契約書の作成やレビュー、法令遵守の確認、リスク管理に関するアドバイスを行います。,法務関連の学位または資格を有し、金融業界での経験がある方。法律知識が豊富で、コミュニケーション能力が高い方を求めています。,フルタイム勤務。勤務地は東京で、リモートワークの可能性もあります。,Other,,No,Hybrid,FullTime,Intermediate,No,,15,"['Otherカテゴリ', 'ハイブリッド勤務']"
4916119004,paypay__4916119004,paypay,https://job-boards.greenhouse.io/paypay/jobs/4916119004,内部統制（IT統制担当）,Hybrid,,,,内部統制（IT統制担当）の求人で、勤務地はハイブリッド勤務です。応募要件や具体的な仕事内容は記載されていませんが、IT関連の統制業務に関わるポジションです。興味のある方は詳細を確認の上、応募を検討してください。,内部統制（IT統制担当）,,,,Other,,No,Hybrid,Unknown,Unknown,No,,15,"['Otherカテゴリ', 'ハイブリッド勤務']"
4919371004,paypay__4919371004,paypay,https://job-boards.greenhouse.io/paypay/jobs/4919371004,Cloud Platform Engineer (DB Specialist),Hybrid,"We are working to provide the best financial services to users in Japan. We empower PayPay product by realizing efficient, stable and optimized storage services. PayPay is looking for Cloud Platform Engineers who specialize in databases at scale on mission critical systems.
Main Responsibilities
Database operations, including monitoring, configuration management, upgrade, scaling, backup, and data migration. Iterate on database operations to improve quality and efficiency Troubleshoot stability and performance problems Contribute to documentation for communicating knowledge, experience and for effective decision-making Research and test new tools in database ecosystems, and adopt them in PayPay Group.","More than 5 years of DBA experience with a minimum of 3 years MySQL or PostgreSQL experience. More than 3 years of AWS experience in recent years Hands-on experience with Infra as Code (IaC - terraform) Interested in new technologies and willing to improve operational quality and efficiency Familiar with shell and programming language for scripting(Python, Go,...)",,PayPayでは、データベースを専門とするCloud Platform Engineerを募集しています。応募者は、5年以上のDBA経験と3年以上のMySQLまたはPostgreSQL経験、AWSの実務経験が必要です。ハイブリッド勤務で、データベースの運用や新技術の研究・導入に携わります。,クラウドプラットフォームエンジニア（DBスペシャリスト）,私たちは、日本のユーザーに最高の金融サービスを提供するために取り組んでいます。PayPayの製品を支えるために、効率的で安定した最適化されたストレージサービスを実現しています。PayPayでは、ミッションクリティカルなシステムにおける大規模なデータベースに特化したクラウドプラットフォームエンジニアを募集しています。主な責任は、データベースの運用（監視、構成管理、アップグレード、スケーリング、バックアップ、データ移行など）を行い、品質と効率を向上させるために改善を繰り返し、安定性やパフォーマンスの問題をトラブルシュートし、知識や経験を共有するための文書作成に貢献し、データベースエコシステム内の新しいツールを研究・テストし、PayPayグループに導入することです。,DBAとしての経験が5年以上あり、MySQLまたはPostgreSQLの経験が3年以上あること。最近3年以上のAWSの経験があること。Infra as Code（IaC - terraform）の実務経験があること。新しい技術に興味があり、運用の品質と効率を向上させる意欲があること。スクリプト作成のためのシェルやプログラミング言語（Python、Goなど）に精通していること。,,Infra/SRE,MySQL|PostgreSQL|AWS|Python|Go,No,Hybrid,FullTime,Advanced,No,Infra as Code|terraform,55,"['Infra/SREカテゴリ', 'ハイブリッド勤務', '技術スタック情報あり', '主要技術キーワードあり', '情報量が豊富']"
4944963004,paypay__4944963004,paypay,https://job-boards.greenhouse.io/paypay/jobs/4944963004,システム監査（サイバーセキュリティ）担当,Hybrid,,,,システム監査（サイバーセキュリティ）担当の求人で、勤務地はハイブリッド勤務です。応募要件や具体的な仕事内容は記載されていませんが、サイバーセキュリティに関する専門知識が求められる可能性があります。勤務条件の詳細も不明ですが、柔軟な働き方が期待されます。,システム監査（サイバーセキュリティ）担当,当社のシステム監査チームでは、サイバーセキュリティに関する監査業務を担当していただきます。リスク評価やセキュリティポリシーの遵守状況を確認し、改善提案を行います。,サイバーセキュリティに関する知識と経験が必要です。関連資格（CISA、CISMなど）があれば尚可。コミュニケーション能力が高く、チームでの協力ができる方を求めています。,フルタイム勤務。リモートワークの可能性あり。,Security,,No,Hybrid,FullTime,Unknown,No,,28,"['Securityカテゴリ', 'ハイブリッド勤務']"
4954493004,paypay__4954493004,paypay,https://job-boards.greenhouse.io/paypay/jobs/4954493004,コンプライアンス担当,Hybrid,,,,コンプライアンス担当の求人で、勤務地はハイブリッド勤務です。具体的な仕事内容や応募要件は記載されていませんが、コンプライアンス関連の業務に従事するポジションです。勤務条件についての詳細も不明です。,コンプライアンス担当,,,,Other,,No,Hybrid,Unknown,Unknown,No,,15,"['Otherカテゴリ', 'ハイブリッド勤務']"
5027415004,paypay__5027415004,paypay,https://job-boards.greenhouse.io/paypay/jobs/5027415004,AML／CFTリスク管理,Hybrid,,,,AML／CFTリスク管理職の求人で、勤務地はハイブリッド勤務です。応募要件や具体的な仕事内容は記載されていません。リスク管理に興味がある方に適したポジションです。,AML／CFTリスク管理,,,,Other,,No,Hybrid,Unknown,Unknown,No,,15,"['Otherカテゴリ', 'ハイブリッド勤務']"
5133177004,paypay__5133177004,paypay,https://job-boards.greenhouse.io/paypay/jobs/5133177004,システムリスク管理担当,Hybrid,,,,システムリスク管理担当の求人で、勤務地はハイブリッドです。応募要件や勤務条件の詳細は記載されていませんが、リスク管理に関する専門知識が求められる可能性があります。興味のある方は、具体的な仕事内容や条件を確認することをお勧めします。,システムリスク管理担当,当社では、システムリスク管理に関する業務を担当していただける方を募集しています。リスク評価や管理策の策定を行い、システムの安全性を確保する役割を担っていただきます。,システムリスク管理の経験がある方。関連する資格（CISA、CISMなど）があれば尚可。分析力と問題解決能力が求められます。,フルタイム勤務。リモートワークの可能性あり。,Security,,No,Hybrid,FullTime,Intermediate,No,,28,"['Securityカテゴリ', 'ハイブリッド勤務']"
5149320004,paypay__5149320004,paypay,https://job-boards.greenhouse.io/paypay/jobs/5149320004,シニア機械学習エンジニア（金融事業領域）,Hybrid,,,,シニア機械学習エンジニアを金融事業領域で募集しています。勤務地はハイブリッドで、応募要件や勤務条件は詳細に記載されていません。機械学習の専門知識を活かしたい方に適したポジションです。,シニア機械学習エンジニア（金融）,,,,AI/ML,,Yes,Hybrid,Unknown,Unknown,No,,50,"['AI/MLカテゴリ', 'AI関連', 'ハイブリッド勤務']"
5193265004,paypay__5193265004,paypay,https://job-boards.greenhouse.io/paypay/jobs/5193265004,CSIRTエンジニア,Hybrid,,,,CSIRTエンジニアの求人で、勤務地はハイブリッドです。具体的な仕事内容や応募要件は記載されていませんが、サイバーセキュリティに関連する業務が想定されます。勤務条件についての詳細は不明です。,CSIRTエンジニア,サイバーセキュリティインシデント対応チーム（CSIRT）の一員として、セキュリティインシデントの監視、分析、対応を行います。脅威の特定やリスク評価を通じて、組織のセキュリティを強化する役割を担います。,情報セキュリティに関する知識、インシデント対応の経験、ネットワークやシステムの理解が必要です。関連する資格（CISSP、CEHなど）があれば尚可。,フルタイム勤務、リモートワークの可能性あり。シフト勤務やオンコール対応が求められる場合があります。,Security,,No,Hybrid,FullTime,Unknown,No,,28,"['Securityカテゴリ', 'ハイブリッド勤務']"
5199858004,paypay__5199858004,paypay,https://job-boards.greenhouse.io/paypay/jobs/5199858004,内部統制（業務統制担当）,Hybrid,,,,内部統制（業務統制担当）のポジションで、勤務地はハイブリッド勤務です。応募要件や具体的な仕事内容は記載されていませんが、業務統制に関する経験や知識が求められる可能性があります。勤務条件についての詳細は不明です。,内部統制担当,,,,Other,,No,Hybrid,Unknown,Unknown,No,,15,"['Otherカテゴリ', 'ハイブリッド勤務']"
5214187004,paypay__5214187004,paypay,https://job-boards.greenhouse.io/paypay/jobs/5214187004,セキュリティモニタリング,Hybrid,,,,セキュリティモニタリングの職種で、勤務地はハイブリッド（リモートとオフィス勤務の併用）です。具体的な仕事内容や応募要件は記載されていませんが、セキュリティ関連の経験が求められる可能性があります。勤務条件についての詳細も不明ですが、柔軟な働き方が期待されます。,セキュリティモニタリング,,,,Security,,No,Hybrid,Unknown,Unknown,No,,28,"['Securityカテゴリ', 'ハイブリッド勤務']"
5471535004,paypay__5471535004,paypay,https://job-boards.greenhouse.io/paypay/jobs/5471535004,Cloud Platform Engineer,Hybrid,"PayPay is looking for a Cloud Platform Engineer for PayPay's Cloud Based payment system. This role will be responsible for the engineering of Cloud Infrastructure Platforms to provide robust, reliable and cost-efficient Platform so that we can deliver the best experience for our growing customers base.","More than 5 years of technical and architectural experience in AWS-based infrastructure platforms Extensive technical hands-on experience with computing, networking, storage, and analytical services on Latest AWS Services Experience with Terraform based infrastructure as code (IAC) on AWS Experience in production level infrastructure change management and releases for high traffic & business-critical systems Experience in Cloud infrastructure and platform systems availability, performance and cost management Experience as an AWS administrator, including Multi AWS organization management, managing 50+ AWS accounts and 100+ users Strong understanding of cloud security best practices in Fintech Industry Demonstrated skill in programming and scripting languages, including Python, Shell Scripting, Go, and Rust Excellent oral, written, and interpersonal communication skills Proficiency in either English or Japanese",,PayPayでは、クラウドベースの決済システムのためのCloud Platform Engineerを募集しています。応募者は、AWSに基づくインフラプラットフォームで5年以上の技術経験が必要で、Terraformを用いたインフラ管理やクラウドセキュリティの知識が求められます。勤務地はハイブリッドで、英語または日本語のコミュニケーション能力が必要です。,クラウドプラットフォームエンジニア,PayPayでは、クラウドベースの決済システムのためにクラウドプラットフォームエンジニアを募集しています。この役割では、堅牢で信頼性が高く、コスト効率の良いプラットフォームを提供するためのクラウドインフラストラクチャプラットフォームのエンジニアリングを担当します。これにより、成長する顧客基盤に最高の体験を提供することができます。,AWSベースのインフラストラクチャプラットフォームにおける5年以上の技術的およびアーキテクチャ的経験 最新のAWSサービスにおけるコンピューティング、ネットワーキング、ストレージ、分析サービスの豊富な実務経験 Terraformを用いたインフラストラクチャコード（IAC）の経験 高トラフィックおよびビジネスクリティカルなシステムのための本番レベルのインフラストラクチャ変更管理およびリリースの経験 クラウドインフラストラクチャおよびプラットフォームシステムの可用性、パフォーマンス、コスト管理の経験 AWS管理者としての経験（複数のAWS組織管理、50以上のAWSアカウントおよび100以上のユーザーの管理を含む）フィンテック業界におけるクラウドセキュリティのベストプラクティスに関する強い理解 プログラミングおよびスクリプト言語（Python、Shell Scripting、Go、Rustを含む）における実績 優れた口頭、文書、対人コミュニケーションスキル 英語または日本語のいずれかに堪能であること,,Infra/SRE,Python|Go|Rust,No,Hybrid,FullTime,Advanced,Yes,AWS|Terraform,68,"['Infra/SREカテゴリ', 'グローバル要素あり', 'ハイブリッド勤務', '技術スタック情報あり', '主要技術キーワードあり', '情報量が豊富']"
5504316004,paypay__5504316004,paypay,https://job-boards.greenhouse.io/paypay/jobs/5504316004,個店・SMB営業支援担当（販売戦略・企画推進）,Hybrid,,,,個店・SMB営業支援担当として、販売戦略や企画推進を行うポジションです。勤務地はハイブリッドで、柔軟な働き方が可能です。応募要件や勤務条件の詳細は記載されていません。,個店・SMB営業支援担当,このポジションでは、個店や中小企業向けの営業支援を行い、販売戦略や企画の推進を担当します。,営業経験があり、販売戦略の立案や実行に関する知識がある方を歓迎します。,勤務時間や勤務地については、面接時に詳細をお伝えします。,Other,,No,Hybrid,Unknown,Unknown,No,,15,"['Otherカテゴリ', 'ハイブリッド勤務']"
5504319004,paypay__5504319004,paypay,https://job-boards.greenhouse.io/paypay/jobs/5504319004,営業支援担当（数値分析・運用推進）,Hybrid,,,,営業支援担当として、数値分析や運用推進を行うポジションです。勤務地はハイブリッドで、応募要件や勤務条件の詳細は記載されていません。応募を検討する際は、業務内容に関する理解を深めることが重要です。,営業支援担当,数値分析や運用推進を通じて営業チームをサポートします。,データ分析の経験があり、営業支援に興味がある方。,フルタイム、リモート勤務可。,Data,,No,Hybrid,FullTime,Intermediate,No,,32,"['Dataカテゴリ', 'ハイブリッド勤務']"
5587090004,paypay__5587090004,paypay,https://job-boards.greenhouse.io/paypay/jobs/5587090004,Backend Engineer / バックエンドエンジニア (New Bank Project),Hybrid,,,,バックエンドエンジニアとして新しい銀行プロジェクトに参加し、ハイブリッド勤務が可能です。応募要件や具体的な仕事内容は記載されていませんが、技術的スキルが求められるポジションです。興味のある方は詳細を確認の上、応募を検討してください。,バックエンドエンジニア (新銀行プロジェクト),,,,Backend,,No,Hybrid,Unknown,Unknown,No,,30,"['Backendカテゴリ', 'ハイブリッド勤務']"
5601370004,paypay__5601370004,paypay,https://job-boards.greenhouse.io/paypay/jobs/5601370004,DX企画推進担当,Hybrid,,,,DX企画推進担当の求人で、勤務地はハイブリッド勤務です。具体的な仕事内容や応募要件は記載されていませんが、デジタルトランスフォーメーションに関する企画推進が主な業務と考えられます。勤務条件についての詳細も不明ですが、柔軟な働き方が期待されます。,DX企画推進担当,デジタルトランスフォーメーション（DX）の戦略を立案し、実行する役割を担います。業務プロセスの改善や新しい技術の導入を通じて、企業の成長を支援します。,関連する業務経験があり、プロジェクトマネジメントやデータ分析のスキルを持つ方。コミュニケーション能力が高く、チームでの協力ができる方を歓迎します。,フルタイム勤務。リモートワークの可能性あり。,Other,,No,Hybrid,FullTime,Unknown,No,,15,"['Otherカテゴリ', 'ハイブリッド勤務']"
5636632004,paypay__5636632004,paypay,https://job-boards.greenhouse.io/paypay/jobs/5636632004,新規事業企画・戦略／リーダー候補（チャージ関連業務・金融機関連携）,Hybrid,,,,新規事業企画・戦略のリーダー候補を募集しており、チャージ関連業務や金融機関との連携が主な業務です。勤務地はハイブリッド勤務で、応募要件や勤務条件は詳細に記載されていません。興味のある方は、具体的な条件を確認の上、応募を検討してください。,新規事業企画リーダー候補,チャージ関連業務や金融機関との連携に関する新規事業の企画・戦略を担当します。,新規事業の企画経験、金融業界の知識、リーダーシップスキルが求められます。,詳細な勤務条件は面談時にお伝えします。,Other,,No,Hybrid,Unknown,Unknown,No,,15,"['Otherカテゴリ', 'ハイブリッド勤務']"
5643353004,paypay__5643353004,paypay,https://job-boards.greenhouse.io/paypay/jobs/5643353004,金融事業開発・新規事業企画（保険）,Hybrid,,,,金融事業開発・新規事業企画のポジションで、保険業界における新規事業の立ち上げを担当します。勤務地はハイブリッドで、応募要件や勤務条件は未記載です。興味のある方は詳細を確認してください。,金融事業開発・新規事業企画（保険）,,,,Product,,No,Hybrid,Unknown,Unknown,No,,20,"['Productカテゴリ', 'ハイブリッド勤務']"
5674900004,paypay__5674900004,paypay,https://job-boards.greenhouse.io/paypay/jobs/5674900004,マーケティング推進担当（Fintech事業）,Hybrid,,,,マーケティング推進担当としてFintech事業に携わるポジションで、勤務地はハイブリッド勤務です。応募要件や勤務条件の詳細は記載されていませんが、マーケティングに関する経験が求められる可能性があります。興味のある方は、具体的な要件を確認の上、応募を検討してください。,マーケティング推進担当（Fintech）,私たちのFintech事業におけるマーケティング推進担当として、戦略の立案や実行を行い、ブランドの認知度向上や顧客獲得を目指します。,マーケティング関連の経験がある方。デジタルマーケティングの知識があると尚良し。コミュニケーション能力が高い方。,フルタイム勤務。リモートワークの可能性あり。,Other,,No,Hybrid,FullTime,Unknown,No,,15,"['Otherカテゴリ', 'ハイブリッド勤務']"
5675108004,paypay__5675108004,paypay,https://job-boards.greenhouse.io/paypay/jobs/5675108004,グローバルアライアンス・事業推進,Hybrid,,,,グローバルアライアンス・事業推進の職種で、ハイブリッド勤務が可能です。具体的な仕事内容や応募要件は記載されていませんが、国際的なビジネス推進に関わる役割が期待されます。興味のある方は詳細を確認の上、応募を検討してください。,グローバルアライアンス推進,,,,Other,,No,Hybrid,Unknown,Unknown,Yes,,30,"['Otherカテゴリ', 'グローバル要素あり', 'ハイブリッド勤務']"
5677616004,paypay__5677616004,paypay,https://job-boards.greenhouse.io/paypay/jobs/5677616004,営業企画（戦略立案/企画推進担当）,Hybrid,,,,営業企画のポジションで、戦略立案や企画推進を担当します。勤務地はハイブリッドで、柔軟な働き方が可能です。応募要件や勤務条件は詳細未記載ですが、企画力や戦略的思考が求められる役割です。,営業企画,戦略立案や企画推進を担当するポジションです。市場分析や顧客ニーズの把握を通じて、営業戦略の策定に貢献します。,営業やマーケティングの経験がある方。戦略的思考ができる方。コミュニケーション能力が高い方。,フルタイム勤務。勤務地は東京。,Other,,No,Hybrid,FullTime,Unknown,No,,15,"['Otherカテゴリ', 'ハイブリッド勤務']"
5681496004,paypay__5681496004,paypay,https://job-boards.greenhouse.io/paypay/jobs/5681496004,CS業務企画（業務変革推進担当）,Hybrid,,,,CS業務企画（業務変革推進担当）のポジションで、勤務地はハイブリッドです。業務改善や変革を推進する役割を担い、応募要件や勤務条件は詳細未記載ですが、関連する経験が求められる可能性があります。興味のある方は、具体的な業務内容や応募条件を確認することをお勧めします。,CS業務企画（業務変革推進担当）,,,,Other,,No,Hybrid,Unknown,Unknown,No,,15,"['Otherカテゴリ', 'ハイブリッド勤務']"
5683465004,paypay__5683465004,paypay,https://job-boards.greenhouse.io/paypay/jobs/5683465004,CSシステム企画（業務変革推進担当/ボイス・テキスト担当）,Hybrid,,,,CSシステム企画の業務変革推進担当として、ボイス・テキスト関連の業務を担当します。勤務地はハイブリッドで、応募要件や勤務条件は詳細に記載されていません。興味のある方は、具体的な条件を確認の上で応募を検討してください。,CSシステム企画,業務変革を推進するためのシステム企画を担当し、ボイスおよびテキスト関連の業務を行います。,関連する業務経験や知識を持ち、システム企画に関する理解がある方。,勤務条件は面談時にお知らせします。,Other,,No,Hybrid,Unknown,Unknown,No,,15,"['Otherカテゴリ', 'ハイブリッド勤務']"
5683668004,paypay__5683668004,paypay,https://job-boards.greenhouse.io/paypay/jobs/5683668004,Backend Engineer,Hybrid,PayPay is looking for a Backend Engineer to work on our payment system to deliver the best payment experience for our customers.,"4+ years of experience in using Java under professional environment, or if you are non-Java user, excellent skills in generalized programming languages, such as Scala, Python, and Go. Interest and ability to learn other coding languages as needed. Experience with NoSQL databases and distributed cache. Strong fundamentals in data structures, algorithms and object-oriented programming. In-depth understanding of concurrency and distributed computing. Degree in Computer Engineering or Computer Science or 5+ years equivalent experience in SaaS platform development. Business level of English or Japanese. Hands-on experience with AI/LLM tools (e.g., ChatGPT, GitHub Copilot, Gemini, CodeWhisperer, or similar) in professional software development.",,PayPayでは、決済システムのバックエンドエンジニアを募集しています。応募者は、Javaまたは他のプログラミング言語（Scala、Python、Go）での4年以上の経験、NoSQLデータベースや分散キャッシュの知識、データ構造やアルゴリズムの基礎理解が求められます。ビジネスレベルの英語または日本語能力とAIツールの実務経験も必要です。,バックエンドエンジニア,PayPayでは、顧客に最高の決済体験を提供するために、決済システムに取り組むバックエンドエンジニアを募集しています。,プロフェッショナルな環境でのJava使用経験が4年以上、またはJava以外のプログラミング言語（Scala、Python、Goなど）に優れたスキルを持つ方。必要に応じて他のコーディング言語を学ぶ意欲と能力があること。NoSQLデータベースや分散キャッシュの経験があること。データ構造、アルゴリズム、オブジェクト指向プログラミングの基礎がしっかりしていること。並行処理や分散コンピューティングについての深い理解があること。コンピュータ工学またはコンピュータサイエンスの学位、またはSaaSプラットフォーム開発における5年以上の同等の経験。ビジネスレベルの英語または日本語。プロフェッショナルなソフトウェア開発におけるAI/LLMツール（例：ChatGPT、GitHub Copilot、Gemini、CodeWhispererなど）の実務経験。,,Backend,Java|Scala|Python|Go,Yes,Hybrid,FullTime,Advanced,Yes,NoSQL|distributed cache|AI|LLM,91,"['Backendカテゴリ', 'AI関連', 'グローバル要素あり', 'ハイブリッド勤務', '技術スタック情報あり', '主要技術キーワードあり', '情報量が豊富']"
5686546004,paypay__5686546004,paypay,https://job-boards.greenhouse.io/paypay/jobs/5686546004,事業戦略・事業企画 / リーダー候補,Hybrid,,,,事業戦略・事業企画のリーダー候補を募集しており、勤務地はハイブリッドです。具体的な仕事内容や応募要件は記載されていませんが、リーダーシップや戦略的思考が求められるポジションです。勤務条件についての詳細は不明です。,事業戦略・事業企画リーダー候補,,,,Other,,No,Hybrid,Unknown,Unknown,No,,15,"['Otherカテゴリ', 'ハイブリッド勤務']"
5686555004,paypay__5686555004,paypay,https://job-boards.greenhouse.io/paypay/jobs/5686555004,新規事業開発・サービス企画 / 部長候補,Hybrid,,,,新規事業開発・サービス企画の部長候補を募集しています。勤務地はハイブリッドで、具体的な仕事内容や応募要件は詳細未記載です。応募を検討する際は、事業開発やサービス企画の経験が求められる可能性があります。,新規事業開発・サービス企画部長候補,,,,Product,,No,Hybrid,Unknown,Unknown,No,,20,"['Productカテゴリ', 'ハイブリッド勤務']"
5698854004,paypay__5698854004,paypay,https://job-boards.greenhouse.io/paypay/jobs/5698854004,データ戦略推進企画担当,Hybrid,,,,データ戦略推進企画担当のポジションで、勤務地はハイブリッドです。具体的な仕事内容や応募要件は記載されていませんが、データ戦略に関する企画業務を担当します。勤務条件についての詳細は不明です。,データ戦略推進担当,データ戦略の立案と実行を担当し、ビジネスの成長を促進するためのデータ活用を推進します。,データ分析の経験、戦略的思考能力、コミュニケーションスキルが求められます。,フルタイム、リモート勤務可。,Data,,No,Hybrid,FullTime,Unknown,No,,32,"['Dataカテゴリ', 'ハイブリッド勤務']"
5704640004,paypay__5704640004,paypay,https://job-boards.greenhouse.io/paypay/jobs/5704640004,業務変革・プロジェクト推進担当（AI活用推進）,Hybrid,,,,業務変革・プロジェクト推進担当（AI活用推進）のポジションで、勤務地はハイブリッドです。AIを活用した業務改善プロジェクトの推進が主な業務となります。応募要件や勤務条件は具体的に記載されていませんが、AI関連の知識やプロジェクト管理スキルが求められる可能性があります。,業務変革・プロジェクト推進担当,AIを活用した業務変革の推進やプロジェクトの管理を担当します。,関連する業務経験やプロジェクト管理のスキルが求められます。,勤務時間や勤務地については、詳細を面談時にお伝えします。,AI/ML,,Yes,Hybrid,Unknown,Unknown,No,,50,"['AI/MLカテゴリ', 'AI関連', 'ハイブリッド勤務']"
5704642004,paypay__5704642004,paypay,https://job-boards.greenhouse.io/paypay/jobs/5704642004,次世代業務基盤の企画推進担当（AI活用推進）,Hybrid,,,,次世代業務基盤の企画推進担当として、AI活用の推進を行います。勤務地はハイブリッドで、応募要件や勤務条件は詳細に記載されていません。AIに関心があり、企画推進に携わりたい方に適したポジションです。,次世代業務基盤企画推進担当,次世代業務基盤の企画と推進を担当し、AIの活用を促進します。,関連分野の経験や知識が求められます。,勤務条件については面談時にお伝えします。,Product,,Yes,Hybrid,Unknown,Unknown,No,,35,"['Productカテゴリ', 'AI関連', 'ハイブリッド勤務']"
5725653004,paypay__5725653004,paypay,https://job-boards.greenhouse.io/paypay/jobs/5725653004,経営企画担当（事業管理(FP&A)）/ リーダー候補,Hybrid,,,,経営企画担当（事業管理(FP&A)）のリーダー候補を募集しています。勤務地はハイブリッドで、応募要件や勤務条件は詳細に記載されていません。経営戦略の立案や実行に関与するポジションです。,経営企画担当（FP&A）リーダー候補,,,,Other,,No,Hybrid,Unknown,Unknown,No,,15,"['Otherカテゴリ', 'ハイブリッド勤務']"
5729739004,paypay__5729739004,paypay,https://job-boards.greenhouse.io/paypay/jobs/5729739004,金融事業企画（決済・クレジット領域）/ リーダー候補,Hybrid,,,,金融事業企画のリーダー候補を募集しており、決済やクレジット領域に関する企画業務を担当します。勤務地はハイブリッド勤務で、応募要件や勤務条件の詳細は記載されていません。興味のある方は、具体的な条件を確認の上応募してください。,金融事業企画リーダー候補,決済やクレジット領域における金融事業の企画を担当します。市場分析や戦略立案を行い、事業の成長を促進する役割を担います。,金融業界での経験があり、プロジェクトマネジメントスキルを持つ方。リーダーシップを発揮できる方を歓迎します。,フルタイム勤務。勤務地は東京で、リモートワークの可能性もあります。,Other,,No,Hybrid,FullTime,Intermediate,No,,15,"['Otherカテゴリ', 'ハイブリッド勤務']"
5733829004,paypay__5733829004,paypay,https://job-boards.greenhouse.io/paypay/jobs/5733829004,Product Manager / プロダクトマネージャー (New Bank Project),Hybrid,,,,新銀行プロジェクトのプロダクトマネージャーを募集しています。勤務地はハイブリッドで、応募要件や勤務条件は詳細未記載ですが、プロダクト管理の経験が求められます。興味のある方はぜひご応募ください。,プロダクトマネージャー (新銀行プロジェクト),,,,Product,,No,Hybrid,Unknown,Unknown,No,,20,"['Productカテゴリ', 'ハイブリッド勤務']"
5765333004,paypay__5765333004,paypay,https://job-boards.greenhouse.io/paypay/jobs/5765333004,資産運用事業戦略企画（リーダー候補）,Hybrid,,,,資産運用事業戦略企画のリーダー候補を募集しています。勤務地はハイブリッドで、戦略的な企画業務を担当します。応募要件や勤務条件の詳細は不明ですが、リーダーシップが求められます。,資産運用事業戦略企画リーダー候補,,,,Other,,No,Hybrid,Unknown,Unknown,No,,15,"['Otherカテゴリ', 'ハイブリッド勤務']"
5782672004,paypay__5782672004,paypay,https://job-boards.greenhouse.io/paypay/jobs/5782672004,マーケティング推進（プロダクトマーケティング/CRM施策推進）,Hybrid,,,,マーケティング推進の職種で、プロダクトマーケティングやCRM施策の推進を担当します。勤務地はハイブリッドで、応募要件や勤務条件は詳細に記載されていません。応募を検討する際は、具体的な仕事内容や条件を確認することが重要です。,マーケティング推進,プロダクトマーケティングおよびCRM施策の推進に関する業務を担当します。,マーケティング関連の経験がある方。プロダクトマーケティングやCRMに関する知識があると尚良し。,詳細な勤務条件は面談時にお伝えします。,Product,,No,Hybrid,Unknown,Unknown,No,,20,"['Productカテゴリ', 'ハイブリッド勤務']"
5793219004,paypay__5793219004,paypay,https://job-boards.greenhouse.io/paypay/jobs/5793219004,【AI Agent】Forward Deployed Engineer（社内DX・生産性革新担当）,Remote,,,,【職種名】AI AgentのForward Deployed Engineer（社内DX・生産性革新担当）を募集しています。勤務地はリモートで、業務内容や応募要件は詳細に記載されていませんが、生産性向上に寄与する役割です。応募を検討する際は、リモート勤務が可能な点を考慮してください。,AIエージェント・フォワードデプロイドエンジニア,社内のデジタルトランスフォーメーション（DX）や生産性向上に取り組むエンジニアを募集しています。AI技術を活用し、業務の効率化や革新を推進する役割を担います。,関連する技術や経験を持ち、AIやデジタル技術に対する理解がある方を求めています。,詳細な勤務条件については面談時にお知らせします。,AI/ML,,Yes,Remote,Unknown,Unknown,No,,55,"['AI/MLカテゴリ', 'AI関連', 'リモート勤務']"
5817540004,paypay__5817540004,paypay,https://job-boards.greenhouse.io/paypay/jobs/5817540004,Senior Product Manager,Hybrid,,"Bachelor’s degree in a technology related field or at least 3yrs of technical experience. At Least 4 years of Product Management or an equivalent role Business level of English language (written, verbal)",,ハイブリッド勤務のシニアプロダクトマネージャーを募集しています。応募には、技術関連の学士号または3年以上の技術経験、4年以上のプロダクトマネジメント経験、ビジネスレベルの英語力が必要です。,シニアプロダクトマネージャー,,技術関連分野の学士号または少なくとも3年の技術経験。プロダクトマネジメントまたは同等の役割での4年以上の経験。ビジネスレベルの英語力（読み書き、会話）。,,Product,,No,Hybrid,FullTime,Intermediate,Yes,,40,"['Productカテゴリ', 'グローバル要素あり', 'ハイブリッド勤務', '最低限の情報あり']"
5818516004,paypay__5818516004,paypay,https://job-boards.greenhouse.io/paypay/jobs/5818516004,データガバナンス推進,Hybrid,,,,データガバナンス推進の職種で、勤務地はハイブリッドです。応募要件や具体的な仕事内容は記載されていませんが、データ管理やガバナンスに関するスキルが求められる可能性があります。勤務条件についての詳細も不明です。,データガバナンス推進,,,,Data,,No,Hybrid,Unknown,Unknown,No,,32,"['Dataカテゴリ', 'ハイブリッド勤務']"
5818643004,paypay__5818643004,paypay,https://job-boards.greenhouse.io/paypay/jobs/5818643004,セキュリティマネジメント（セキュリティ推進）,Hybrid,,,,セキュリティマネジメント（セキュリティ推進）のポジションで、勤務地はハイブリッドです。具体的な仕事内容や応募要件、勤務条件は記載されていませんが、セキュリティ関連の経験が求められる可能性があります。興味のある方は詳細を確認してください。,セキュリティマネジメント,セキュリティ推進に関する業務を担当します。,関連する資格や経験が求められます。,勤務条件については面談時にお知らせします。,Security,,No,Hybrid,Unknown,Unknown,No,,28,"['Securityカテゴリ', 'ハイブリッド勤務']"
5841546004,paypay__5841546004,paypay,https://job-boards.greenhouse.io/paypay/jobs/5841546004,社内保健師,Hybrid,,,,社内保健師の求人で、勤務地はハイブリッド勤務です。応募要件や具体的な仕事内容は記載されていません。勤務条件についての詳細も不明ですが、社内での健康管理に関わる職務です。,社内保健師,社内で従業員の健康管理や健康促進活動を行います。健康診断の実施や健康相談、メンタルヘルスのサポートなどを担当します。,保健師の資格を持ち、健康管理の経験がある方を歓迎します。コミュニケーション能力が高く、チームでの協力ができる方。,フルタイム勤務。勤務地は本社。福利厚生あり。,Other,,No,Hybrid,FullTime,Intermediate,No,,15,"['Otherカテゴリ', 'ハイブリッド勤務']"
5841548004,paypay__5841548004,paypay,https://job-boards.greenhouse.io/paypay/jobs/5841548004,ファンドソース管理業務担当,Hybrid,,,,ファンドソース管理業務担当の求人で、勤務地はハイブリッド勤務です。具体的な仕事内容や応募要件は記載されていませんが、ファンド管理に関する業務を担当します。勤務条件についての詳細は不明です。,ファンドソース管理担当,ファンドソースの管理業務を担当し、資金の流れや投資先の情報を整理・分析します。チームと連携し、効率的な運用をサポートします。,ファイナンスまたは関連分野の学位、ファンド管理の経験がある方。分析力とコミュニケーション能力が求められます。,フルタイム勤務、オフィス勤務。給与は経験に応じて決定します。,Other,,No,Hybrid,FullTime,Unknown,No,,15,"['Otherカテゴリ', 'ハイブリッド勤務']"
5843011004,paypay__5843011004,paypay,https://job-boards.greenhouse.io/paypay/jobs/5843011004,営業支援担当（インサイドセールス）,Hybrid,,,,営業支援担当（インサイドセールス）のポジションで、勤務地はハイブリッドです。応募要件や勤務条件についての詳細は記載されていませんが、営業支援に関心のある方に適しています。応募を検討する際は、具体的な仕事内容や要件を確認することをお勧めします。,営業支援担当（インサイドセールス）,営業チームをサポートし、顧客との関係を構築する役割です。リードの管理や商談の設定を行い、営業活動を円滑に進めるためのサポートを提供します。,営業経験がある方、コミュニケーション能力が高い方、チームでの協力ができる方を歓迎します。,フルタイム、リモート勤務可、給与は経験に応じて相談可能です。,Other,,No,Hybrid,FullTime,Unknown,No,,15,"['Otherカテゴリ', 'ハイブリッド勤務']"
5850462004,paypay__5850462004,paypay,https://job-boards.greenhouse.io/paypay/jobs/5850462004,新規事業開発・サービス企画 / リーダー候補（加盟店事業）,Hybrid,,,,新規事業開発・サービス企画のリーダー候補を募集しており、勤務地はハイブリッド勤務です。応募要件や具体的な仕事内容は記載されていませんが、加盟店事業に関連するポジションです。興味のある方は詳細を確認の上、応募を検討してください。,新規事業開発・サービス企画リーダー候補,,,,Product,,No,Hybrid,Unknown,Unknown,No,,20,"['Productカテゴリ', 'ハイブリッド勤務']"
5978607004,paypay__5978607004,paypay,https://job-boards.greenhouse.io/paypay/jobs/5978607004,Webディレクター,Hybrid,,,,Webディレクターの求人で、勤務地はハイブリッド勤務です。具体的な仕事内容や応募要件は記載されていません。勤務条件についての詳細も不明ですが、柔軟な働き方が期待されます。,Webディレクター,私たちのチームでは、Webサイトの企画、制作、運営を担当するWebディレクターを募集しています。プロジェクトの進行管理やクライアントとのコミュニケーションを通じて、魅力的なWebコンテンツを提供する役割を担います。,Webディレクションの経験がある方。HTML、CSS、JavaScriptの基本知識がある方。コミュニケーション能力が高く、チームでの協力ができる方。,フルタイム、リモート勤務可。給与は経験に応じて相談。,Other,HTML|CSS|JavaScript,No,Hybrid,FullTime,Intermediate,No,,21,"['Otherカテゴリ', 'ハイブリッド勤務', '技術スタック情報あり']"
