job_id,job_key,company_name,url,title,location,description,qualifications,working_condition,ai_summary
4089245004,paypay__4089245004,paypay,https://job-boards.greenhouse.io/paypay/jobs/4089245004,エンタープライズ営業担当,Hybrid,,,,エンタープライズ営業担当の求人で、勤務地はハイブリッドです。応募要件や勤務条件の詳細は記載されていませんが、営業経験が求められる可能性があります。興味のある方は、具体的な情報を確認することをお勧めします。
4089251004,paypay__4089251004,paypay,https://job-boards.greenhouse.io/paypay/jobs/4089251004,Frontend Engineer,Hybrid,"We are looking for a web frontend engineer to join PayPay. You will be building features that change how people in Japan use and manage their finances and business. As a fast-paced company leading the payments industry, we need our engineers to be versatile and enthusiastic to take on new challenges in order to stay at the forefront.",,,PayPayでは、ハイブリッド勤務のフロントエンドエンジニアを募集しています。日本の人々の金融管理やビジネスの利用方法を変える機能を構築する役割で、柔軟性と新しい挑戦に対する意欲が求められます。
4089304004,paypay__4089304004,paypay,https://job-boards.greenhouse.io/paypay/jobs/4089304004,IT統制担当/IT Controller,Hybrid,,,,IT統制担当（IT Controller）の求人で、勤務地はハイブリッド勤務です。応募要件や具体的な仕事内容は記載されていませんが、IT管理に関する経験が求められる可能性があります。柔軟な働き方を希望する方に適しています。
4090172004,paypay__4090172004,paypay,https://job-boards.greenhouse.io/paypay/jobs/4090172004,Automation QA Engineer,Hybrid,,"Minimum 3+ years of experience in developing, executing, and maintaining automated test cases for mobile applications, web applications, and/or APIs. Proven professional experience with at least one of the following automation frameworks/tools: Appium (for mobile), Selenium (for web), or Rest-Assured (for APIs). Proficient in utilizing Cucumber for defining and executing test cases. Well-versed in Continuous Integration/Continuous Deployment (CI/CD) tools such as Jenkins, Bitrise, or similar platforms. Basic understanding of microservices architecture and its associated testing challenges. Strong ability to analyze technical requirements, design comprehensive test strategies, and create detailed, effective test cases. Exceptional analytical and problem-solving skills, coupled with a meticulous attention to detail. Excellent communication skills, a team-oriented mindset, and the ability to work effectively both independently and collaboratively. Hands-on experience with AI productivity tools (NotebookLM, Gemini, Cursor AI, GitHub Copilot). Knowledge of OpenAI API usage, key management, embeddings, and LLM integration workflows. Familiarity with MCP server concepts and their integration in test automation pipelines. Understanding of AI system validation techniques, including testing for bias, hallucinations, drift, and robustness.",,Automation QA Engineerの求人で、ハイブリッド勤務が可能です。応募には、モバイルやウェブアプリ、APIの自動テストケースの開発・実行・保守に3年以上の経験が必要で、AppiumやSeleniumなどの自動化ツールの使用経験が求められます。また、CI/CDツールやAI関連の知識も必要です。
4092131004,paypay__4092131004,paypay,https://job-boards.greenhouse.io/paypay/jobs/4092131004,障がい者採用(事務スタッフ/Hybrid Workstyle勤務/全国勤務可),Remote,,,,障がい者を対象とした事務スタッフの求人で、全国どこからでもリモート勤務が可能です。ハイブリッドワークスタイルを採用しており、柔軟な働き方ができます。応募要件や具体的な仕事内容は記載されていません。
4726951004,paypay__4726951004,paypay,https://job-boards.greenhouse.io/paypay/jobs/4726951004,ポイントソリューション営業担当,Hybrid,,,,ポイントソリューション営業担当の求人で、勤務地はハイブリッド勤務です。応募要件や具体的な仕事内容は記載されていませんが、営業経験が求められる可能性があります。勤務条件についての詳細は不明です。
4888665004,paypay__4888665004,paypay,https://job-boards.greenhouse.io/paypay/jobs/4888665004,Principal Software Engineer,Hybrid,"We are looking for a Principal Software Engineer to work on our various systems which need high scalability, reliability and availability. These challenges require creative thinking and a deep understanding of how software and platform work.
Our ideal candidate is an ace problem solver and a learner at heart. You should have a very high degree of comfort in a programming language of your choice. We offer a flexible work schedule and you get your choice of tools (both hardware and software) and most importantly, the opportunity to work on tough problems with the brightest minds around you. So, if challenges excite you, and you're ready for a big one, let us know.
Responsibilities:
Design, develop, test, deploy, maintain and improve software and core platform Lead technical aspects for multiple projects through hands-on execution and guidance of other engineers Provide architectural blueprints and technical leadership. Provides input and guidance during all phases of programs to solve challenging technical issues. Build common platforms to support different business vertical application systems Develop tools and contribute to open source wherever possible Adopt problem-solving as a way of life – always go to the root cause!
Experience:
Solid foundation in designing, implementing, and maintaining a large-scale distributed system. Experience in developing distributed platform systems such as Messaging Platforms, Pub/Sub Systems, Databases, Distributed Computing Frameworks, and Schedulers.
Tech Stack:
Our technology stack may vary based on project needs. Currently, we utilize:
Programming Languages: Java, Kotlin, Scala Frameworks and Tools: Spring Boot, JUnit, Resilience4j, Feign Databases: MySQL/AuroraDB, DynamoDB, ELK, Kafka, Redis, TiDB Deployment and Orchestration: Docker, Kubernetes, ArgoCD, AWS, GCP Development Tools: GitHub, IntelliJ, Gradle, Maven, npm/yarn, Flyway, Jenkins Data Analytics: BigQuery, Kibana, Spark Diagramming Tools: PlantUML, draw.io , miro.com Communication: Slack, Zoom
Qualifications:
Degree in Computer Engineering or Computer Science or 7+ years equivalent experience in software development Strong fundamentals in data structure, algorithm, operating system and object-oriented programming Deep understanding of concurrency, distributed computing, large-scale system, messaging and algorithm Software development experience in one or more general-purpose programming languages Interest and ability to learn new technology stacks as needed
Preferred Qualifications:
Experience in working for system development in finance, payment, or similar industries Experience with AWS services Contribute to open-source projects Language ability in Japanese and English is a plus (We have a professional translator but it is nice to have language skills)
Portrait:
Experience: Demonstrated experience designing and implementing large scale, high performance, micro-service based architectures utilizing new concepts and technologies where appropriate. Ownership: A mentoring approach to owning, managing and improving the technical aspects of a large scale system end to end. Communication : The ability to clearly and logically communicate your choice of technology and architectural decision based on its implementation strengths and limitations. Commitment : As a professional, commit to the growth and business goals of the organization and create impactful results by your ownership. Curiosity: Foster a development culture that explores new ideas knowing that we learn even from the ones that fail.",,,ハイブリッド勤務のPrincipal Software Engineerを募集しています。大規模で信頼性の高いシステムの設計・開発・改善を行い、他のエンジニアを指導する役割です。プログラミング言語に精通し、分散システムやマイクロサービスアーキテクチャの経験が求められます。
4896155004,paypay__4896155004,paypay,https://job-boards.greenhouse.io/paypay/jobs/4896155004,金融法務担当,Hybrid,,,,金融法務担当の求人で、勤務地はハイブリッド勤務です。応募要件や具体的な仕事内容は記載されていませんが、金融関連の法務業務に従事するポジションです。勤務条件についての詳細も不明ですが、柔軟な働き方が可能です。
4916119004,paypay__4916119004,paypay,https://job-boards.greenhouse.io/paypay/jobs/4916119004,内部統制（IT統制担当）,Hybrid,,,,内部統制（IT統制担当）の求人で、勤務地はハイブリッド勤務です。応募要件や具体的な仕事内容は記載されていませんが、IT関連の統制業務に関わるポジションです。興味のある方は詳細を確認の上、応募を検討してください。
4919371004,paypay__4919371004,paypay,https://job-boards.greenhouse.io/paypay/jobs/4919371004,Cloud Platform Engineer (DB Specialist),Hybrid,"We are working to provide the best financial services to users in Japan. We empower PayPay product by realizing efficient, stable and optimized storage services. PayPay is looking for Cloud Platform Engineers who specialize in databases at scale on mission critical systems.
Main Responsibilities
Database operations, including monitoring, configuration management, upgrade, scaling, backup, and data migration. Iterate on database operations to improve quality and efficiency Troubleshoot stability and performance problems Contribute to documentation for communicating knowledge, experience and for effective decision-making Research and test new tools in database ecosystems, and adopt them in PayPay Group.","More than 5 years of DBA experience with a minimum of 3 years MySQL or PostgreSQL experience. More than 3 years of AWS experience in recent years Hands-on experience with Infra as Code (IaC - terraform) Interested in new technologies and willing to improve operational quality and efficiency Familiar with shell and programming language for scripting(Python, Go,...)",,PayPayでは、データベースを専門とするCloud Platform Engineerを募集しています。応募者は、5年以上のDBA経験と3年以上のMySQLまたはPostgreSQL経験、AWSの実務経験が必要です。ハイブリッド勤務で、データベースの運用や新技術の研究・導入に携わります。
4944963004,paypay__4944963004,paypay,https://job-boards.greenhouse.io/paypay/jobs/4944963004,システム監査（サイバーセキュリティ）担当,Hybrid,,,,システム監査（サイバーセキュリティ）担当の求人で、勤務地はハイブリッド勤務です。応募要件や具体的な仕事内容は記載されていませんが、サイバーセキュリティに関する専門知識が求められる可能性があります。勤務条件の詳細も不明ですが、柔軟な働き方が期待されます。
4954493004,paypay__4954493004,paypay,https://job-boards.greenhouse.io/paypay/jobs/4954493004,コンプライアンス担当,Hybrid,,,,コンプライアンス担当の求人で、勤務地はハイブリッド勤務です。具体的な仕事内容や応募要件は記載されていませんが、コンプライアンス関連の業務に従事するポジションです。勤務条件についての詳細も不明です。
5027415004,paypay__5027415004,paypay,https://job-boards.greenhouse.io/paypay/jobs/5027415004,AML／CFTリスク管理,Hybrid,,,,AML／CFTリスク管理職の求人で、勤務地はハイブリッド勤務です。応募要件や具体的な仕事内容は記載されていません。リスク管理に興味がある方に適したポジションです。
5133177004,paypay__5133177004,paypay,https://job-boards.greenhouse.io/paypay/jobs/5133177004,システムリスク管理担当,Hybrid,,,,システムリスク管理担当の求人で、勤務地はハイブリッドです。応募要件や勤務条件の詳細は記載されていませんが、リスク管理に関する専門知識が求められる可能性があります。興味のある方は、具体的な仕事内容や条件を確認することをお勧めします。
5149320004,paypay__5149320004,paypay,https://job-boards.greenhouse.io/paypay/jobs/5149320004,シニア機械学習エンジニア（金融事業領域）,Hybrid,,,,シニア機械学習エンジニアを金融事業領域で募集しています。勤務地はハイブリッドで、応募要件や勤務条件は詳細に記載されていません。機械学習の専門知識を活かしたい方に適したポジションです。
5193265004,paypay__5193265004,paypay,https://job-boards.greenhouse.io/paypay/jobs/5193265004,CSIRTエンジニア,Hybrid,,,,CSIRTエンジニアの求人で、勤務地はハイブリッドです。具体的な仕事内容や応募要件は記載されていませんが、サイバーセキュリティに関連する業務が想定されます。勤務条件についての詳細は不明です。
5199858004,paypay__5199858004,paypay,https://job-boards.greenhouse.io/paypay/jobs/5199858004,内部統制（業務統制担当）,Hybrid,,,,内部統制（業務統制担当）のポジションで、勤務地はハイブリッド勤務です。応募要件や具体的な仕事内容は記載されていませんが、業務統制に関する経験や知識が求められる可能性があります。勤務条件についての詳細は不明です。
5214187004,paypay__5214187004,paypay,https://job-boards.greenhouse.io/paypay/jobs/5214187004,セキュリティモニタリング,Hybrid,,,,セキュリティモニタリングの職種で、勤務地はハイブリッド（リモートとオフィス勤務の併用）です。具体的な仕事内容や応募要件は記載されていませんが、セキュリティ関連の経験が求められる可能性があります。勤務条件についての詳細も不明ですが、柔軟な働き方が期待されます。
5471535004,paypay__5471535004,paypay,https://job-boards.greenhouse.io/paypay/jobs/5471535004,Cloud Platform Engineer,Hybrid,"PayPay is looking for a Cloud Platform Engineer for PayPay's Cloud Based payment system. This role will be responsible for the engineering of Cloud Infrastructure Platforms to provide robust, reliable and cost-efficient Platform so that we can deliver the best experience for our growing customers base.","More than 5 years of technical and architectural experience in AWS-based infrastructure platforms Extensive technical hands-on experience with computing, networking, storage, and analytical services on Latest AWS Services Experience with Terraform based infrastructure as code (IAC) on AWS Experience in production level infrastructure change management and releases for high traffic & business-critical systems Experience in Cloud infrastructure and platform systems availability, performance and cost management Experience as an AWS administrator, including Multi AWS organization management, managing 50+ AWS accounts and 100+ users Strong understanding of cloud security best practices in Fintech Industry Demonstrated skill in programming and scripting languages, including Python, Shell Scripting, Go, and Rust Excellent oral, written, and interpersonal communication skills Proficiency in either English or Japanese",,PayPayでは、クラウドベースの決済システムのためのCloud Platform Engineerを募集しています。応募者は、AWSに基づくインフラプラットフォームで5年以上の技術経験が必要で、Terraformを用いたインフラ管理やクラウドセキュリティの知識が求められます。勤務地はハイブリッドで、英語または日本語のコミュニケーション能力が必要です。
5504316004,paypay__5504316004,paypay,https://job-boards.greenhouse.io/paypay/jobs/5504316004,個店・SMB営業支援担当（販売戦略・企画推進）,Hybrid,,,,個店・SMB営業支援担当として、販売戦略や企画推進を行うポジションです。勤務地はハイブリッドで、柔軟な働き方が可能です。応募要件や勤務条件の詳細は記載されていません。
5504319004,paypay__5504319004,paypay,https://job-boards.greenhouse.io/paypay/jobs/5504319004,営業支援担当（数値分析・運用推進）,Hybrid,,,,営業支援担当として、数値分析や運用推進を行うポジションです。勤務地はハイブリッドで、応募要件や勤務条件の詳細は記載されていません。応募を検討する際は、業務内容に関する理解を深めることが重要です。
5587090004,paypay__5587090004,paypay,https://job-boards.greenhouse.io/paypay/jobs/5587090004,Backend Engineer / バックエンドエンジニア (New Bank Project),Hybrid,,,,バックエンドエンジニアとして新しい銀行プロジェクトに参加し、ハイブリッド勤務が可能です。応募要件や具体的な仕事内容は記載されていませんが、技術的スキルが求められるポジションです。興味のある方は詳細を確認の上、応募を検討してください。
5601370004,paypay__5601370004,paypay,https://job-boards.greenhouse.io/paypay/jobs/5601370004,DX企画推進担当,Hybrid,,,,DX企画推進担当の求人で、勤務地はハイブリッド勤務です。具体的な仕事内容や応募要件は記載されていませんが、デジタルトランスフォーメーションに関する企画推進が主な業務と考えられます。勤務条件についての詳細も不明ですが、柔軟な働き方が期待されます。
5636632004,paypay__5636632004,paypay,https://job-boards.greenhouse.io/paypay/jobs/5636632004,新規事業企画・戦略／リーダー候補（チャージ関連業務・金融機関連携）,Hybrid,,,,新規事業企画・戦略のリーダー候補を募集しており、チャージ関連業務や金融機関との連携が主な業務です。勤務地はハイブリッド勤務で、応募要件や勤務条件は詳細に記載されていません。興味のある方は、具体的な条件を確認の上、応募を検討してください。
5643353004,paypay__5643353004,paypay,https://job-boards.greenhouse.io/paypay/jobs/5643353004,金融事業開発・新規事業企画（保険）,Hybrid,,,,金融事業開発・新規事業企画のポジションで、保険業界における新規事業の立ち上げを担当します。勤務地はハイブリッドで、応募要件や勤務条件は未記載です。興味のある方は詳細を確認してください。
5674900004,paypay__5674900004,paypay,https://job-boards.greenhouse.io/paypay/jobs/5674900004,マーケティング推進担当（Fintech事業）,Hybrid,,,,マーケティング推進担当としてFintech事業に携わるポジションで、勤務地はハイブリッド勤務です。応募要件や勤務条件の詳細は記載されていませんが、マーケティングに関する経験が求められる可能性があります。興味のある方は、具体的な要件を確認の上、応募を検討してください。
5675108004,paypay__5675108004,paypay,https://job-boards.greenhouse.io/paypay/jobs/5675108004,グローバルアライアンス・事業推進,Hybrid,,,,グローバルアライアンス・事業推進の職種で、ハイブリッド勤務が可能です。具体的な仕事内容や応募要件は記載されていませんが、国際的なビジネス推進に関わる役割が期待されます。興味のある方は詳細を確認の上、応募を検討してください。
5677616004,paypay__5677616004,paypay,https://job-boards.greenhouse.io/paypay/jobs/5677616004,営業企画（戦略立案/企画推進担当）,Hybrid,,,,営業企画のポジションで、戦略立案や企画推進を担当します。勤務地はハイブリッドで、柔軟な働き方が可能です。応募要件や勤務条件は詳細未記載ですが、企画力や戦略的思考が求められる役割です。
5681496004,paypay__5681496004,paypay,https://job-boards.greenhouse.io/paypay/jobs/5681496004,CS業務企画（業務変革推進担当）,Hybrid,,,,CS業務企画（業務変革推進担当）のポジションで、勤務地はハイブリッドです。業務改善や変革を推進する役割を担い、応募要件や勤務条件は詳細未記載ですが、関連する経験が求められる可能性があります。興味のある方は、具体的な業務内容や応募条件を確認することをお勧めします。
5683465004,paypay__5683465004,paypay,https://job-boards.greenhouse.io/paypay/jobs/5683465004,CSシステム企画（業務変革推進担当/ボイス・テキスト担当）,Hybrid,,,,CSシステム企画の業務変革推進担当として、ボイス・テキスト関連の業務を担当します。勤務地はハイブリッドで、応募要件や勤務条件は詳細に記載されていません。興味のある方は、具体的な条件を確認の上で応募を検討してください。
5683668004,paypay__5683668004,paypay,https://job-boards.greenhouse.io/paypay/jobs/5683668004,Backend Engineer,Hybrid,PayPay is looking for a Backend Engineer to work on our payment system to deliver the best payment experience for our customers.,"4+ years of experience in using Java under professional environment, or if you are non-Java user, excellent skills in generalized programming languages, such as Scala, Python, and Go. Interest and ability to learn other coding languages as needed. Experience with NoSQL databases and distributed cache. Strong fundamentals in data structures, algorithms and object-oriented programming. In-depth understanding of concurrency and distributed computing. Degree in Computer Engineering or Computer Science or 5+ years equivalent experience in SaaS platform development. Business level of English or Japanese. Hands-on experience with AI/LLM tools (e.g., ChatGPT, GitHub Copilot, Gemini, CodeWhisperer, or similar) in professional software development.",,PayPayでは、決済システムのバックエンドエンジニアを募集しています。応募者は、Javaまたは他のプログラミング言語（Scala、Python、Go）での4年以上の経験、NoSQLデータベースや分散キャッシュの知識、データ構造やアルゴリズムの基礎理解が求められます。ビジネスレベルの英語または日本語能力とAIツールの実務経験も必要です。
5686546004,paypay__5686546004,paypay,https://job-boards.greenhouse.io/paypay/jobs/5686546004,事業戦略・事業企画 / リーダー候補,Hybrid,,,,事業戦略・事業企画のリーダー候補を募集しており、勤務地はハイブリッドです。具体的な仕事内容や応募要件は記載されていませんが、リーダーシップや戦略的思考が求められるポジションです。勤務条件についての詳細は不明です。
5686555004,paypay__5686555004,paypay,https://job-boards.greenhouse.io/paypay/jobs/5686555004,新規事業開発・サービス企画 / 部長候補,Hybrid,,,,新規事業開発・サービス企画の部長候補を募集しています。勤務地はハイブリッドで、具体的な仕事内容や応募要件は詳細未記載です。応募を検討する際は、事業開発やサービス企画の経験が求められる可能性があります。
5698854004,paypay__5698854004,paypay,https://job-boards.greenhouse.io/paypay/jobs/5698854004,データ戦略推進企画担当,Hybrid,,,,データ戦略推進企画担当のポジションで、勤務地はハイブリッドです。具体的な仕事内容や応募要件は記載されていませんが、データ戦略に関する企画業務を担当します。勤務条件についての詳細は不明です。
5704640004,paypay__5704640004,paypay,https://job-boards.greenhouse.io/paypay/jobs/5704640004,業務変革・プロジェクト推進担当（AI活用推進）,Hybrid,,,,業務変革・プロジェクト推進担当（AI活用推進）のポジションで、勤務地はハイブリッドです。AIを活用した業務改善プロジェクトの推進が主な業務となります。応募要件や勤務条件は具体的に記載されていませんが、AI関連の知識やプロジェクト管理スキルが求められる可能性があります。
5704642004,paypay__5704642004,paypay,https://job-boards.greenhouse.io/paypay/jobs/5704642004,次世代業務基盤の企画推進担当（AI活用推進）,Hybrid,,,,次世代業務基盤の企画推進担当として、AI活用の推進を行います。勤務地はハイブリッドで、応募要件や勤務条件は詳細に記載されていません。AIに関心があり、企画推進に携わりたい方に適したポジションです。
5725653004,paypay__5725653004,paypay,https://job-boards.greenhouse.io/paypay/jobs/5725653004,経営企画担当（事業管理(FP&A)）/ リーダー候補,Hybrid,,,,経営企画担当（事業管理(FP&A)）のリーダー候補を募集しています。勤務地はハイブリッドで、応募要件や勤務条件は詳細に記載されていません。経営戦略の立案や実行に関与するポジションです。
5729739004,paypay__5729739004,paypay,https://job-boards.greenhouse.io/paypay/jobs/5729739004,金融事業企画（決済・クレジット領域）/ リーダー候補,Hybrid,,,,金融事業企画のリーダー候補を募集しており、決済やクレジット領域に関する企画業務を担当します。勤務地はハイブリッド勤務で、応募要件や勤務条件の詳細は記載されていません。興味のある方は、具体的な条件を確認の上応募してください。
5733829004,paypay__5733829004,paypay,https://job-boards.greenhouse.io/paypay/jobs/5733829004,Product Manager / プロダクトマネージャー (New Bank Project),Hybrid,,,,新銀行プロジェクトのプロダクトマネージャーを募集しています。勤務地はハイブリッドで、応募要件や勤務条件は詳細未記載ですが、プロダクト管理の経験が求められます。興味のある方はぜひご応募ください。
5765333004,paypay__5765333004,paypay,https://job-boards.greenhouse.io/paypay/jobs/5765333004,資産運用事業戦略企画（リーダー候補）,Hybrid,,,,資産運用事業戦略企画のリーダー候補を募集しています。勤務地はハイブリッドで、戦略的な企画業務を担当します。応募要件や勤務条件の詳細は不明ですが、リーダーシップが求められます。
5782672004,paypay__5782672004,paypay,https://job-boards.greenhouse.io/paypay/jobs/5782672004,マーケティング推進（プロダクトマーケティング/CRM施策推進）,Hybrid,,,,マーケティング推進の職種で、プロダクトマーケティングやCRM施策の推進を担当します。勤務地はハイブリッドで、応募要件や勤務条件は詳細に記載されていません。応募を検討する際は、具体的な仕事内容や条件を確認することが重要です。
5793219004,paypay__5793219004,paypay,https://job-boards.greenhouse.io/paypay/jobs/5793219004,【AI Agent】Forward Deployed Engineer（社内DX・生産性革新担当）,Remote,,,,【職種名】AI AgentのForward Deployed Engineer（社内DX・生産性革新担当）を募集しています。勤務地はリモートで、業務内容や応募要件は詳細に記載されていませんが、生産性向上に寄与する役割です。応募を検討する際は、リモート勤務が可能な点を考慮してください。
5817540004,paypay__5817540004,paypay,https://job-boards.greenhouse.io/paypay/jobs/5817540004,Senior Product Manager,Hybrid,,"Bachelor’s degree in a technology related field or at least 3yrs of technical experience. At Least 4 years of Product Management or an equivalent role Business level of English language (written, verbal)",,ハイブリッド勤務のシニアプロダクトマネージャーを募集しています。応募には、技術関連の学士号または3年以上の技術経験、4年以上のプロダクトマネジメント経験、ビジネスレベルの英語力が必要です。
5818516004,paypay__5818516004,paypay,https://job-boards.greenhouse.io/paypay/jobs/5818516004,データガバナンス推進,Hybrid,,,,データガバナンス推進の職種で、勤務地はハイブリッドです。応募要件や具体的な仕事内容は記載されていませんが、データ管理やガバナンスに関するスキルが求められる可能性があります。勤務条件についての詳細も不明です。
5818643004,paypay__5818643004,paypay,https://job-boards.greenhouse.io/paypay/jobs/5818643004,セキュリティマネジメント（セキュリティ推進）,Hybrid,,,,セキュリティマネジメント（セキュリティ推進）のポジションで、勤務地はハイブリッドです。具体的な仕事内容や応募要件、勤務条件は記載されていませんが、セキュリティ関連の経験が求められる可能性があります。興味のある方は詳細を確認してください。
5841546004,paypay__5841546004,paypay,https://job-boards.greenhouse.io/paypay/jobs/5841546004,社内保健師,Hybrid,,,,社内保健師の求人で、勤務地はハイブリッド勤務です。応募要件や具体的な仕事内容は記載されていません。勤務条件についての詳細も不明ですが、社内での健康管理に関わる職務です。
5841548004,paypay__5841548004,paypay,https://job-boards.greenhouse.io/paypay/jobs/5841548004,ファンドソース管理業務担当,Hybrid,,,,ファンドソース管理業務担当の求人で、勤務地はハイブリッド勤務です。具体的な仕事内容や応募要件は記載されていませんが、ファンド管理に関する業務を担当します。勤務条件についての詳細は不明です。
5843011004,paypay__5843011004,paypay,https://job-boards.greenhouse.io/paypay/jobs/5843011004,営業支援担当（インサイドセールス）,Hybrid,,,,営業支援担当（インサイドセールス）のポジションで、勤務地はハイブリッドです。応募要件や勤務条件についての詳細は記載されていませんが、営業支援に関心のある方に適しています。応募を検討する際は、具体的な仕事内容や要件を確認することをお勧めします。
5850462004,paypay__5850462004,paypay,https://job-boards.greenhouse.io/paypay/jobs/5850462004,新規事業開発・サービス企画 / リーダー候補（加盟店事業）,Hybrid,,,,新規事業開発・サービス企画のリーダー候補を募集しており、勤務地はハイブリッド勤務です。応募要件や具体的な仕事内容は記載されていませんが、加盟店事業に関連するポジションです。興味のある方は詳細を確認の上、応募を検討してください。
5978607004,paypay__5978607004,paypay,https://job-boards.greenhouse.io/paypay/jobs/5978607004,Webディレクター,Hybrid,,,,Webディレクターの求人で、勤務地はハイブリッド勤務です。具体的な仕事内容や応募要件は記載されていません。勤務条件についての詳細も不明ですが、柔軟な働き方が期待されます。
