url,title,location,description,qualifications,working_condition,ai_summary,title_ja,description_ja,qualifications_ja,working_condition_ja
https://job-boards.greenhouse.io/paypay/jobs/4089245004,エンタープライズ営業担当,Hybrid,,,,エンタープライズ営業担当を募集しており、勤務地はハイブリッド勤務です。応募要件や具体的な仕事内容は記載されていませんが、営業経験が求められる可能性があります。勤務条件についての詳細は不明です。,エンタープライズ営業担当,当社のエンタープライズ営業チームに参加し、大規模な顧客に対してソリューションを提案・販売する役割を担っていただきます。顧客のニーズを理解し、最適な提案を行うことで、ビジネスの成長を促進します。,営業経験が3年以上ある方。エンタープライズ営業の経験があれば尚可。優れたコミュニケーション能力と交渉力を持ち、チームでの協力ができる方。,フルタイム勤務。リモートワークの選択肢あり。給与は経験に応じて決定します。
https://job-boards.greenhouse.io/paypay/jobs/4089251004,Frontend Engineer,Hybrid,"We are looking for a web frontend engineer to join PayPay. You will be building features that change how people in Japan use and manage their finances and business. As a fast-paced company leading the payments industry, we need our engineers to be versatile and enthusiastic to take on new challenges in order to stay at the forefront.",,,PayPayでは、ハイブリッド勤務のフロントエンドエンジニアを募集しています。日本の金融やビジネスの管理方法を変える機能を開発する役割で、迅速な変化に対応できる柔軟性と意欲が求められます。応募要件や勤務条件の詳細は記載されていません。,フロントエンドエンジニア,PayPayに参加するウェブフロントエンドエンジニアを募集しています。日本の人々が財務やビジネスを管理する方法を変える機能を構築していただきます。急成長中の決済業界のリーダーとして、私たちはエンジニアが多様なスキルを持ち、新しい挑戦に対して熱意を持って取り組むことを求めています。,,
https://job-boards.greenhouse.io/paypay/jobs/4089265004,Data Engineer (DaaS),Hybrid,"PayPay's rapid growth necessitates the expansion of its product teams and underscores the critical need for a resilient Data Engineering Platform. This platform is vital to support our increasing business demands. The Data Pipeline team is tasked with creating, deploying, and managing this platform, utilizing leading technologies like Databricks, Delta Lake, Spark, Scala, and the AWS suite.
We are actively seeking skilled Data Engineers to join our team and contribute to scaling our platform across the organization.","Minimum 7 years as a Data Engineer or similar role. Hands-on experience with Databricks, Snowflake, Delta Lake, Spark, and Scala. Proven ability to design, build, and operate Data Lakes or Data Warehouses. Proficiency with Data Orchestration tools (Airflow, Dagster, Prefect). Familiarity with Change Data Capture tools (Canal, Debezium, Maxwell). Strong command of at least one primary language (Scala, Python, etc.) and SQL. Experience with data catalog and metadata management (Unity Catalog, Lakeformation). Experience in Infrastructure as Code (IaC) using Terraform. Excellent problem-solving and debugging abilities for complex data challenges. Strong communication and collaboration skills. Capability to make informed decisions, learn quickly, and consider complex technical contexts.",,PayPayでは、データエンジニアリングプラットフォームの拡張に伴い、データエンジニアを募集しています。応募者は、7年以上の関連経験とDatabricksやSparkなどの技術に精通している必要があります。ハイブリッド勤務で、複雑なデータ課題を解決する能力やコミュニケーションスキルが求められます。,データエンジニア (DaaS),PayPayの急成長に伴い、プロダクトチームの拡大が必要であり、堅牢なデータエンジニアリングプラットフォームの重要性が増しています。このプラットフォームは、ビジネスの需要に応えるために不可欠です。データパイプラインチームは、Databricks、Delta Lake、Spark、Scala、AWSスイートなどの先進技術を活用して、このプラットフォームの構築、展開、管理を担当しています。私たちは、チームに参加し、組織全体でプラットフォームを拡張するために貢献できるスキルを持ったデータエンジニアを積極的に募集しています。,データエンジニアまたは類似の役割での最低7年の経験。Databricks、Snowflake、Delta Lake、Spark、Scalaの実務経験。データレイクまたはデータウェアハウスの設計、構築、運用の実績。データオーケストレーションツール（Airflow、Dagster、Prefect）に関する熟練度。変更データキャプチャツール（Canal、Debezium、Maxwell）に対する理解。少なくとも1つの主要言語（Scala、Pythonなど）とSQLに関する強いスキル。データカタログおよびメタデータ管理（Unity Catalog、Lakeformation）の経験。Terraformを使用したインフラストラクチャコード（IaC）の経験。複雑なデータ課題に対する優れた問題解決能力とデバッグ能力。強いコミュニケーション能力と協力スキル。情報に基づいた意思決定を行い、迅速に学び、複雑な技術的文脈を考慮する能力。,
https://job-boards.greenhouse.io/paypay/jobs/4089300004,Site Reliability Engineer (Bilingual SRE),Hybrid,,"Experience troubleshooting, tuning high performance microservice architectures running on Kubernetes and AWS in highly available production environments. 5+ years experience in software development in Python, Java, Go, etc with strong fundamentals in data structures, algorithms, problem solving and complexity analysis. *During the selection process, you will have a coding challenge. Curious and proactive in finding performance bottlenecks, scalability and resilience problem areas and addressing them. Experience with observability tools and gathering data. Database knowledge such as RDS, NoSQL, distributed TiDB, etc. Excellent communication skills, collaborative and getting things done attitude. Enjoy taking up a challenge and driving it to conclusion. Ability to verbally communicate in both English and Japanese.",,Site Reliability Engineer (Bilingual SRE)のポジションで、ハイブリッド勤務が可能です。応募者は、KubernetesとAWSを使用した高可用性のマイクロサービスアーキテクチャのトラブルシューティング経験があり、Python、Java、Goなどで5年以上のソフトウェア開発経験が求められます。英語と日本語でのコミュニケーション能力が必要で、パフォーマンスのボトルネックやスケーラビリティの問題を解決する意欲が求められます。,サイト信頼性エンジニア（バイリンガルSRE）,,KubernetesやAWS上で稼働する高性能マイクロサービスアーキテクチャのトラブルシューティングやチューニングの経験が必要です。ソフトウェア開発において5年以上の経験があり、Python、Java、Goなどの言語に精通し、データ構造、アルゴリズム、問題解決、複雑性分析の基礎がしっかりしていることが求められます。選考プロセスではコーディングチャレンジがあります。パフォーマンスのボトルネックやスケーラビリティ、レジリエンスの問題を見つけ出し、積極的に対処する姿勢が重要です。可観測性ツールの使用経験やデータ収集の経験も必要です。RDS、NoSQL、分散型TiDBなどのデータベースに関する知識が求められます。優れたコミュニケーション能力を持ち、協力的で物事を成し遂げる姿勢が必要です。挑戦を楽しみ、それを最後までやり遂げる意欲が求められます。英語と日本語の両方で口頭コミュニケーションができることが必要です。,
https://job-boards.greenhouse.io/paypay/jobs/4089304004,IT統制担当/IT Controller,Hybrid,,,,IT統制担当（IT Controller）のポジションで、勤務地はハイブリッド勤務です。応募要件や具体的な仕事内容は記載されていませんが、IT関連の統制業務に関わる役割です。興味のある方は詳細を確認の上、応募を検討してください。,IT統制担当,,,
https://job-boards.greenhouse.io/paypay/jobs/4090172004,Automation QA Engineer,Hybrid,,"Minimum 3+ years of experience in developing, executing, and maintaining automated test cases for mobile applications, web applications, and/or APIs. Proven professional experience with at least one of the following automation frameworks/tools: Appium (for mobile), Selenium (for web), or Rest-Assured (for APIs). Proficient in utilizing Cucumber for defining and executing test cases. Well-versed in Continuous Integration/Continuous Deployment (CI/CD) tools such as Jenkins, Bitrise, or similar platforms. Basic understanding of microservices architecture and its associated testing challenges. Strong ability to analyze technical requirements, design comprehensive test strategies, and create detailed, effective test cases. Exceptional analytical and problem-solving skills, coupled with a meticulous attention to detail. Excellent communication skills, a team-oriented mindset, and the ability to work effectively both independently and collaboratively. Hands-on experience with AI productivity tools (NotebookLM, Gemini, Cursor AI, GitHub Copilot). Knowledge of OpenAI API usage, key management, embeddings, and LLM integration workflows. Familiarity with MCP server concepts and their integration in test automation pipelines. Understanding of AI system validation techniques, including testing for bias, hallucinations, drift, and robustness.",,Automation QA Engineerの求人で、ハイブリッド勤務が可能です。応募者は、モバイルやウェブアプリ、APIの自動テストケースの開発・実行・維持に3年以上の経験が必要で、Appium、Selenium、Rest-Assuredのいずれかのフレームワークに精通していることが求められます。また、CI/CDツールやAI関連のスキルも重視されます。,自動化QAエンジニア,モバイルアプリケーション、ウェブアプリケーション、またはAPIのための自動テストケースの開発、実行、維持において、最低3年以上の経験を持つ方を求めています。Appium（モバイル用）、Selenium（ウェブ用）、またはRest-Assured（API用）のいずれかの自動化フレームワーク/ツールに関する実績が必要です。Cucumberを使用してテストケースを定義し、実行するスキルが求められます。Jenkins、BitriseなどのCI/CDツールに精通していることが望ましいです。マイクロサービスアーキテクチャとそのテストに関連する課題についての基本的な理解が必要です。,技術要件を分析し、包括的なテスト戦略を設計し、詳細で効果的なテストケースを作成する能力が求められます。優れた分析力と問題解決能力、細部への注意力が必要です。優れたコミュニケーションスキルを持ち、チーム志向で、独立しても協力しても効果的に働ける方を歓迎します。AI生産性ツール（NotebookLM、Gemini、Cursor AI、GitHub Copilot）を使用した実務経験がある方が望ましいです。OpenAI APIの使用、キー管理、埋め込み、LLM統合ワークフローに関する知識があると尚良しです。テスト自動化パイプラインにおけるMCPサーバーの概念とその統合についての理解が求められます。AIシステムの検証技術、バイアス、幻覚、ドリフト、堅牢性のテストを含む理解が必要です。,勤務条件については、詳細をお問い合わせください。
https://job-boards.greenhouse.io/paypay/jobs/4182995004,Product Designer / プロダクトデザイナー (UX/UI),Hybrid,,"More than 3-5 years of hands-on professional experience in mobile app (iOS/Android) UX/UI design. Experience in UX/UI design using Figma and Adobe Hands-on experience in product release, effectiveness measurement, and product improvement Business conversation level in Japanese or English Experience in using PayPay application",,プロダクトデザイナー（UX/UI）の求人で、勤務地はハイブリッドです。応募には、モバイルアプリのUX/UIデザインに3-5年の実務経験が必要で、FigmaやAdobeの使用経験、製品リリースや改善の実績が求められます。また、日本語または英語でのビジネス会話能力が必要です。,プロダクトデザイナー (UX/UI),モバイルアプリ（iOS/Android）のUX/UIデザインにおける実務経験を活かし、ユーザーにとって魅力的で使いやすい製品をデザインします。FigmaやAdobeを使用したUX/UIデザインの経験が求められます。製品のリリース、効果測定、改善に関する実務経験も必要です。,モバイルアプリ（iOS/Android）のUX/UIデザインにおいて3〜5年以上の実務経験があること。FigmaやAdobeを使用したUX/UIデザインの経験があること。製品リリース、効果測定、改善に関する実務経験があること。ビジネスレベルの日本語または英語の会話能力があること。PayPayアプリの使用経験があること。,詳細は面談時にお伝えします。
https://job-boards.greenhouse.io/paypay/jobs/4643779004,,,,,,職種名、勤務地、仕事内容、応募要件、勤務条件の情報が不足しているため、要約を作成できません。具体的な求人情報を提供していただければ、要約をお手伝いします。,ソフトウェアエンジニア,私たちは、革新的なソフトウェアソリューションを開発するためのソフトウェアエンジニアを募集しています。チームと協力し、プロジェクトの要件を理解し、設計から実装までの全工程に関与していただきます。,"コンピュータサイエンスまたは関連分野の学位。プログラミング言語（例：Java, Python, C++）の実務経験。問題解決能力とチームワークを重視する姿勢。",フルタイム勤務。リモートワークの選択肢あり。フレックスタイム制度を導入。
https://job-boards.greenhouse.io/paypay/jobs/4726951004,ポイントソリューション営業担当,Hybrid,,,,ポイントソリューション営業担当として、ハイブリッド勤務での営業活動を行います。応募要件や具体的な仕事内容は記載されていませんが、営業経験が求められる可能性があります。勤務条件についての詳細は不明です。,ポイントソリューション営業担当,当社のポイントソリューションを提案し、顧客のニーズに応じた最適なソリューションを提供する営業職です。,営業経験があり、コミュニケーション能力が高い方。IT業界の知識があると尚良し。,フルタイム勤務。勤務地は東京。
https://job-boards.greenhouse.io/paypay/jobs/4888665004,Principal Software Engineer,Hybrid,"We are looking for a Principal Software Engineer to work on our various systems which need high scalability, reliability and availability. These challenges require creative thinking and a deep understanding of how software and platform work.
Our ideal candidate is an ace problem solver and a learner at heart. You should have a very high degree of comfort in a programming language of your choice. We offer a flexible work schedule and you get your choice of tools (both hardware and software) and most importantly, the opportunity to work on tough problems with the brightest minds around you. So, if challenges excite you, and you're ready for a big one, let us know.
Responsibilities:
Design, develop, test, deploy, maintain and improve software and core platform Lead technical aspects for multiple projects through hands-on execution and guidance of other engineers Provide architectural blueprints and technical leadership. Provides input and guidance during all phases of programs to solve challenging technical issues. Build common platforms to support different business vertical application systems Develop tools and contribute to open source wherever possible Adopt problem-solving as a way of life – always go to the root cause!
Experience:
Solid foundation in designing, implementing, and maintaining a large-scale distributed system. Experience in developing distributed platform systems such as Messaging Platforms, Pub/Sub Systems, Databases, Distributed Computing Frameworks, and Schedulers.
Tech Stack:
Our technology stack may vary based on project needs. Currently, we utilize:
Programming Languages: Java, Kotlin, Scala Frameworks and Tools: Spring Boot, JUnit, Resilience4j, Feign Databases: MySQL/AuroraDB, DynamoDB, ELK, Kafka, Redis, TiDB Deployment and Orchestration: Docker, Kubernetes, ArgoCD, AWS, GCP Development Tools: GitHub, IntelliJ, Gradle, Maven, npm/yarn, Flyway, Jenkins Data Analytics: BigQuery, Kibana, Spark Diagramming Tools: PlantUML, draw.io , miro.com Communication: Slack, Zoom
Qualifications:
Degree in Computer Engineering or Computer Science or 7+ years equivalent experience in software development Strong fundamentals in data structure, algorithm, operating system and object-oriented programming Deep understanding of concurrency, distributed computing, large-scale system, messaging and algorithm Software development experience in one or more general-purpose programming languages Interest and ability to learn new technology stacks as needed
Preferred Qualifications:
Experience in working for system development in finance, payment, or similar industries Experience with AWS services Contribute to open-source projects Language ability in Japanese and English is a plus (We have a professional translator but it is nice to have language skills)
Portrait:
Experience: Demonstrated experience designing and implementing large scale, high performance, micro-service based architectures utilizing new concepts and technologies where appropriate. Ownership: A mentoring approach to owning, managing and improving the technical aspects of a large scale system end to end. Communication : The ability to clearly and logically communicate your choice of technology and architectural decision based on its implementation strengths and limitations. Commitment : As a professional, commit to the growth and business goals of the organization and create impactful results by your ownership. Curiosity: Foster a development culture that explores new ideas knowing that we learn even from the ones that fail.",,,ハイブリッド勤務のPrincipal Software Engineerを募集しています。大規模で信頼性の高いシステムの設計・開発・運用を担当し、技術的リーダーシップを発揮する役割です。7年以上のソフトウェア開発経験と、分散システムに関する深い理解が求められます。,プリンシパルソフトウェアエンジニア,高いスケーラビリティ、信頼性、可用性が求められるさまざまなシステムで働くプリンシパルソフトウェアエンジニアを募集しています。このような課題には、創造的な思考とソフトウェアやプラットフォームの深い理解が必要です。理想的な候補者は、優れた問題解決者であり、学ぶことに対して熱心な方です。選択したプログラミング言語に非常に高い快適さを持っている必要があります。柔軟な勤務時間を提供し、ハードウェアとソフトウェアのツールを自由に選択でき、最も重要なことは、周囲の優秀な人々と共に難しい問題に取り組む機会があることです。挑戦に興奮する方、そして大きな挑戦に備えている方は、ぜひご連絡ください。,コンピュータ工学またはコンピュータサイエンスの学位、またはソフトウェア開発における7年以上の同等の経験。データ構造、アルゴリズム、オペレーティングシステム、オブジェクト指向プログラミングの強固な基礎。並行処理、分散コンピューティング、大規模システム、メッセージング、アルゴリズムに関する深い理解。1つ以上の汎用プログラミング言語でのソフトウェア開発経験。必要に応じて新しい技術スタックを学ぶ意欲と能力。,プロジェクトのニーズに応じて技術スタックが異なる場合があります。現在使用している技術スタックには、Java、Kotlin、Scalaなどのプログラミング言語、Spring Boot、JUnit、Resilience4j、Feignなどのフレームワークとツール、MySQL/AuroraDB、DynamoDB、ELK、Kafka、Redis、TiDBなどのデータベース、Docker、Kubernetes、ArgoCD、AWS、GCPなどのデプロイメントとオーケストレーション、GitHub、IntelliJ、Gradle、Maven、npm/yarn、Flyway、Jenkinsなどの開発ツール、BigQuery、Kibana、Sparkなどのデータ分析ツール、PlantUML、draw.io、miro.comなどの図表作成ツール、Slack、Zoomなどのコミュニケーションツールが含まれます。
https://job-boards.greenhouse.io/paypay/jobs/4918512004,Senior Data Science Engineer / Senior Machine Learning Engineer - Data Insights,Hybrid,"PayPay's growth is driving a rapid expansion of PayPay product teams, and the need for a robust data platform that drives cutting-edge data science and powers machine learning innovations is more critical than ever in order to support our growing business needs. We are looking for a Senior Data Science Engineer or Senior Machine Learning Engineer for the Data Insights department.",,,PayPayでは、データインサイト部門でシニアデータサイエンスエンジニアまたはシニアマシンラーニングエンジニアを募集しています。ハイブリッド勤務で、急成長するビジネスニーズに応えるためのデータプラットフォームの構築と機械学習の革新を推進する役割です。応募要件は記載されていませんが、データサイエンスや機械学習の専門知識が求められます。,シニアデータサイエンスエンジニア / シニア機械学習エンジニア - データインサイト,PayPayの成長に伴い、PayPayのプロダクトチームは急速に拡大しています。そのため、最先端のデータサイエンスを推進し、機械学習の革新を支える堅牢なデータプラットフォームの必要性がこれまで以上に重要になっています。データインサイト部門でシニアデータサイエンスエンジニアまたはシニア機械学習エンジニアを募集しています。,,
https://job-boards.greenhouse.io/paypay/jobs/4919371004,Cloud Platform Engineer (DB Specialist),Hybrid,"We are working to provide the best financial services to users in Japan. We empower PayPay product by realizing efficient, stable and optimized storage services. PayPay is looking for Cloud Platform Engineers who specialize in databases at scale on mission critical systems.
Main Responsibilities
Database operations, including monitoring, configuration management, upgrade, scaling, backup, and data migration. Iterate on database operations to improve quality and efficiency Troubleshoot stability and performance problems Contribute to documentation for communicating knowledge, experience and for effective decision-making Research and test new tools in database ecosystems, and adopt them in PayPay Group.","More than 5 years of DBA experience with a minimum of 3 years MySQL or PostgreSQL experience. More than 3 years of AWS experience in recent years Hands-on experience with Infra as Code (IaC - terraform) Interested in new technologies and willing to improve operational quality and efficiency Familiar with shell and programming language for scripting(Python, Go,...)",,PayPayでは、データベースに特化したCloud Platform Engineerを募集しています。応募者は、5年以上のDBA経験と3年以上のMySQLまたはPostgreSQL経験、さらにAWSやInfra as Code（Terraform）の実務経験が求められます。勤務地はハイブリッドで、データベースの運用や新技術の研究・導入に関わる業務を担当します。,クラウドプラットフォームエンジニア（DBスペシャリスト）,"私たちは、日本のユーザーに最高の金融サービスを提供するために取り組んでいます。PayPayの製品を支えるために、効率的で安定した最適化されたストレージサービスを実現しています。PayPayでは、ミッションクリティカルなシステムにおける大規模なデータベースに特化したクラウドプラットフォームエンジニアを募集しています。
主な業務内容
- データベースの運用（監視、構成管理、アップグレード、スケーリング、バックアップ、データ移行を含む）
- データベース運用の品質と効率を向上させるための改善
- 安定性とパフォーマンスの問題のトラブルシューティング
- 知識や経験を伝え、効果的な意思決定を行うためのドキュメント作成への貢献
- データベースエコシステムにおける新しいツールの研究とテスト、PayPayグループへの導入",DBAとして5年以上の経験があり、MySQLまたはPostgreSQLの経験が3年以上あること。最近3年以上のAWSの経験があること。Infra as Code（IaC - terraform）の実務経験があること。新しい技術に興味があり、運用の品質と効率を向上させる意欲があること。スクリプト用のシェルやプログラミング言語（Python、Goなど）に精通していること。,
https://job-boards.greenhouse.io/paypay/jobs/5149320004,シニア機械学習エンジニア（金融事業領域）,Hybrid,,,,シニア機械学習エンジニアを募集しており、金融事業領域での経験が求められます。勤務地はハイブリッド勤務で、応募要件や勤務条件の詳細は記載されていません。機械学習の専門知識を活かしたい方に適したポジションです。,シニア機械学習エンジニア（金融）,,,
https://job-boards.greenhouse.io/paypay/jobs/5193265004,CSIRTエンジニア,Hybrid,,,,CSIRTエンジニアの求人で、勤務地はハイブリッドです。具体的な仕事内容や応募要件は記載されていませんが、サイバーセキュリティに関する知識や経験が求められる可能性があります。勤務条件についての詳細も不明です。,CSIRTエンジニア,サイバーセキュリティインシデント対応チーム（CSIRT）の一員として、セキュリティインシデントの監視、分析、対応を行います。脅威の特定やリスク評価を通じて、組織のセキュリティを強化します。,情報セキュリティに関する知識、インシデント対応の経験、ネットワークやシステムの理解が必要です。関連する資格（CISSP、CISMなど）があれば尚可。,フルタイム勤務、リモートワークの可能性あり。シフト勤務が求められる場合があります。
https://job-boards.greenhouse.io/paypay/jobs/5214187004,セキュリティモニタリング,Hybrid,,,,セキュリティモニタリングの職種で、勤務地はハイブリッド勤務です。応募要件や勤務条件は記載されていませんが、セキュリティ関連の経験が求められる可能性があります。興味のある方は詳細を確認してください。,セキュリティモニタリング,,,
https://job-boards.greenhouse.io/paypay/jobs/5471535004,Cloud Platform Engineer,Hybrid,"PayPay is looking for a Cloud Platform Engineer for PayPay's Cloud Based payment system. This role will be responsible for the engineering of Cloud Infrastructure Platforms to provide robust, reliable and cost-efficient Platform so that we can deliver the best experience for our growing customers base.","More than 5 years of technical and architectural experience in AWS-based infrastructure platforms Extensive technical hands-on experience with computing, networking, storage, and analytical services on Latest AWS Services Experience with Terraform based infrastructure as code (IAC) on AWS Experience in production level infrastructure change management and releases for high traffic & business-critical systems Experience in Cloud infrastructure and platform systems availability, performance and cost management Experience as an AWS administrator, including Multi AWS organization management, managing 50+ AWS accounts and 100+ users Strong understanding of cloud security best practices in Fintech Industry Demonstrated skill in programming and scripting languages, including Python, Shell Scripting, Go, and Rust Excellent oral, written, and interpersonal communication skills Proficiency in either English or Japanese",,PayPayでは、クラウドベースの決済システムのためのCloud Platform Engineerを募集しています。応募者は、AWSインフラプラットフォームでの5年以上の技術経験や、Terraformを用いたインフラ管理の経験が求められます。また、クラウドセキュリティの知識やプログラミングスキルも必要です。勤務地はハイブリッドです。,クラウドプラットフォームエンジニア,PayPayでは、クラウドベースの決済システムのためにクラウドプラットフォームエンジニアを募集しています。この役割では、堅牢で信頼性が高く、コスト効率の良いプラットフォームを提供するためのクラウドインフラストラクチャプラットフォームのエンジニアリングを担当します。これにより、増加する顧客基盤に最適な体験を提供することができます。,AWSベースのインフラストラクチャプラットフォームにおける5年以上の技術的およびアーキテクチャ的経験 最新のAWSサービスにおけるコンピューティング、ネットワーキング、ストレージ、分析サービスの豊富な技術的実務経験 Terraformを用いたインフラストラクチャのコード（IAC）に関する経験 高トラフィックおよびビジネスクリティカルなシステムのための本番レベルのインフラストラクチャ変更管理とリリースの経験 クラウドインフラストラクチャおよびプラットフォームシステムの可用性、パフォーマンス、コスト管理に関する経験 AWS管理者としての経験（複数のAWS組織管理、50以上のAWSアカウントおよび100人以上のユーザー管理を含む） フィンテック業界におけるクラウドセキュリティのベストプラクティスに関する強い理解 プログラミングおよびスクリプト言語（Python、Shell Scripting、Go、Rustなど）における実績のあるスキル 優れた口頭、文書、対人コミュニケーションスキル 英語または日本語のいずれかに堪能であること,
https://job-boards.greenhouse.io/paypay/jobs/5477375004,パートナー営業担当,Hybrid,,,,パートナー営業担当の求人で、勤務地はハイブリッド勤務です。具体的な仕事内容や応募要件は記載されていませんが、営業経験が求められる可能性があります。勤務条件についての詳細も不明です。,パートナー営業担当,パートナー企業との関係構築や営業活動を行い、ビジネスの成長を促進します。,営業経験があり、コミュニケーション能力が高い方。パートナーシップの構築に興味がある方。,フルタイム勤務。リモートワークの可能性あり。
https://job-boards.greenhouse.io/paypay/jobs/5501932004,,,,,,職種名、勤務地、仕事内容、応募要件、勤務条件の具体的な情報が提供されていないため、要約を作成することができません。これらの詳細を教えていただければ、要約をお手伝いできます。,ソフトウェアエンジニア,私たちは、革新的なソフトウェアソリューションを開発するチームの一員として働くソフトウェアエンジニアを募集しています。あなたの技術力を活かし、プロジェクトに貢献してください。,"コンピュータサイエンスまたは関連分野の学位。プログラミング言語（例：Java, Python, C++）の経験。チームでの協力能力と問題解決能力。",フルタイム勤務。リモートワークのオプションあり。フレックスタイム制度を導入。
https://job-boards.greenhouse.io/paypay/jobs/5504316004,個店・SMB営業支援担当（販売戦略・企画推進）,Hybrid,,,,個店・SMB営業支援担当として、販売戦略や企画推進を行うポジションです。勤務地はハイブリッドで、柔軟な働き方が可能です。応募要件や勤務条件の詳細は記載されていませんが、営業支援に関する経験が求められる可能性があります。,個店・SMB営業支援担当,このポジションでは、個店や中小企業向けの営業支援を行い、販売戦略や企画の推進を担当します。営業チームと連携し、効果的な戦略を立案・実行することが求められます。,営業経験があり、販売戦略の立案や実行に関する知識を持っている方。コミュニケーション能力が高く、チームでの協力ができる方を歓迎します。,フルタイム勤務。勤務地は指定されたオフィスまたはリモート勤務の可能性があります。
https://job-boards.greenhouse.io/paypay/jobs/5504319004,営業支援担当（数値分析・運用推進）,Hybrid,,,,営業支援担当として、数値分析や運用推進を行うポジションです。勤務地はハイブリッドで、柔軟な働き方が可能です。応募要件や勤務条件は詳細に記載されていないため、確認が必要です。,営業支援担当,数値分析や運用推進を通じて営業チームをサポートします。,データ分析の経験がある方、営業支援に興味がある方を歓迎します。,フルタイム、リモート勤務可
https://job-boards.greenhouse.io/paypay/jobs/5530875004,金融事業開発担当（銀行領域）,Hybrid,,,,金融事業開発担当（銀行領域）のポジションで、勤務地はハイブリッドです。応募要件や勤務条件の詳細は記載されていませんが、金融業界での経験やスキルが求められる可能性があります。興味のある方は、具体的な情報を確認の上で応募を検討してください。,金融事業開発担当（銀行）,,,
https://job-boards.greenhouse.io/paypay/jobs/5570222004,Cloud Platform Engineer (Kafka Specialist),Hybrid,"At the core of our architecture in PayPay, we use Kafka for high-performance data streaming, and every payment that goes through the app is handled by multiple topics in Kafka. To keep up with the challenges of our growing product and future expansion, we are expanding our Streaming Platform team and are looking for an engineer with deep experience in Kafka to help lead the next stage.
The role involves strengthening our existing platform to bring a truly event-driven architecture to our development process, while adding performance and resilience to the existing application. A key part of our current roadmap includes migrating our self-hosted Kafka clusters to KRaft mode and operating Kafka both in self-managed form and via AWS MSK. We are looking for someone who is not only hands-on with Kafka internals, but also confident operating it at scale in production environments.
This is a senior role but still very hands-on , an excellent opportunity to build and modernize the streaming infrastructure that powers payments for over 70 million users.","Minimum of 2 years of engineering experience with Apache Kafka in production environments Minimum of 2 years of experience in AWS, Terraform, Ansible and Linux Administration Strong hands-on experience with Kafka cluster operations, including setup, tuning, and maintenance Experience with Kafka authentication and authorization operations Familiarity with AWS cloud platform, especially Amazon MSK (Managed Streaming for Kafka) * We heavily rely on AWS, so those without previous AWS experiences must expect to catch up with it after joining us Proficiency in one or more general-purpose programming languages (e.g., Python, Java, Go) Experience with infrastructure automation and configuration management tools, such as Terraform or Ansible Understanding of modern system design using microservice architecture Working knowledge of Git and CI/CD tools Ability to take ownership, solve problems fast and operate proactively",,PayPayでは、Kafkaを用いた高性能データストリーミングを支えるCloud Platform Engineer (Kafka Specialist)を募集しています。応募者は、Kafkaの運用経験やAWS、Terraform、Ansibleに精通し、イベント駆動アーキテクチャの構築に貢献できることが求められます。ハイブリッド勤務で、70万人以上のユーザー向けのストリーミングインフラのモダナイゼーションに関与する機会があります。,クラウドプラットフォームエンジニア（Kafkaスペシャリスト）,PayPayのアーキテクチャの中心には、高性能なデータストリーミングのためにKafkaを使用しており、アプリを通じて行われるすべての支払いはKafkaの複数のトピックで処理されています。成長する製品と将来の拡張に対応するため、ストリーミングプラットフォームチームを拡大しており、次のステージをリードするためにKafkaの深い経験を持つエンジニアを探しています。この役割は、既存のプラットフォームを強化し、真のイベント駆動型アーキテクチャを開発プロセスにもたらすことに関与し、既存のアプリケーションにパフォーマンスと耐障害性を追加することです。現在のロードマップの重要な部分には、自己ホスト型のKafkaクラスターをKRaftモードに移行し、自己管理型とAWS MSKの両方でKafkaを運用することが含まれています。Kafkaの内部に精通し、大規模な本番環境での運用に自信を持つ方を求めています。このポジションはシニアロールですが、非常に実践的であり、7000万人以上のユーザーの支払いを支えるストリーミングインフラを構築し、近代化する絶好の機会です。,本番環境でのApache Kafkaに関するエンジニアリング経験が最低2年必要です。AWS、Terraform、Ansible、Linux管理に関する経験が最低2年必要です。Kafkaクラスターの運用（セットアップ、チューニング、メンテナンスを含む）に関する強い実務経験が必要です。Kafkaの認証および認可操作に関する経験が必要です。AWSクラウドプラットフォーム、特にAmazon MSK（Managed Streaming for Kafka）に精通していることが望ましいです。AWSに大きく依存しているため、以前にAWSの経験がない方は、入社後にキャッチアップする必要があります。一般的なプログラミング言語（例：Python、Java、Go）のいずれかに精通していることが必要です。TerraformやAnsibleなどのインフラ自動化および構成管理ツールに関する経験が必要です。マイクロサービスアーキテクチャを使用した現代的なシステム設計の理解が必要です。GitおよびCI/CDツールに関する基本的な知識が必要です。責任を持ち、迅速に問題を解決し、積極的に運用する能力が求められます。,
https://job-boards.greenhouse.io/paypay/jobs/5587090004,Backend Engineer / バックエンドエンジニア (New Bank Project),Hybrid,,,,新しい銀行プロジェクトのバックエンドエンジニアを募集しています。勤務地はハイブリッドで、応募要件や勤務条件は詳細に記載されていません。興味のある方はぜひご応募ください。,バックエンドエンジニア (新銀行プロジェクト),,,
https://job-boards.greenhouse.io/paypay/jobs/5636632004,新規事業企画・戦略／リーダー候補（チャージ関連業務・金融機関連携）,Hybrid,,,,新規事業企画・戦略のリーダー候補を募集しており、チャージ関連業務や金融機関との連携が主な業務です。勤務地はハイブリッド勤務で、応募要件や勤務条件の詳細は記載されていません。興味のある方は、具体的な条件を確認することをお勧めします。,新規事業企画・戦略リーダー候補,チャージ関連業務や金融機関との連携に関する新規事業の企画・戦略を担当します。,関連業務の経験やリーダーシップ能力が求められます。,詳細な勤務条件は面談時にお伝えします。
https://job-boards.greenhouse.io/paypay/jobs/5643353004,金融事業開発・新規事業企画（保険）,Hybrid,,,,金融事業開発・新規事業企画のポジションで、保険業界における新規事業の企画・推進を担当します。勤務地はハイブリッド勤務で、応募要件や勤務条件は記載されていません。興味のある方は詳細を確認してください。,金融事業開発・新規事業企画（保険）,当社の金融部門において、新規事業の企画・開発を担当していただきます。保険業界のトレンドを分析し、革新的なビジネスモデルを提案する役割です。,金融業界での経験がある方、特に保険に関する知識や経験がある方を歓迎します。分析力や企画力が求められます。,フルタイム勤務。勤務地は東京で、リモートワークの可能性もあります。
https://job-boards.greenhouse.io/paypay/jobs/5661282004,System PMO,Hybrid,,,,職種はSystem PMOで、勤務地はハイブリッド勤務です。具体的な仕事内容や応募要件は記載されていませんが、PMO関連の経験が求められる可能性があります。勤務条件の詳細も不明ですが、柔軟な働き方が期待されます。,システムPMO,,,
https://job-boards.greenhouse.io/paypay/jobs/5674900004,マーケティング推進担当（Fintech事業）,Hybrid,,,,マーケティング推進担当（Fintech事業）の求人で、勤務地はハイブリッド勤務です。応募要件や具体的な仕事内容は記載されていませんが、マーケティングに関する経験が求められる可能性があります。興味のある方は詳細を確認することをお勧めします。,マーケティング推進担当（Fintech）,,,
https://job-boards.greenhouse.io/paypay/jobs/5675108004,グローバルアライアンス・事業推進,Hybrid,,,,グローバルアライアンス・事業推進の職種で、勤務地はハイブリッド勤務です。具体的な仕事内容や応募要件は記載されていませんが、国際的なビジネス推進に関与する役割です。興味がある方は詳細を確認の上、応募を検討してください。,グローバルアライアンス推進,,,
https://job-boards.greenhouse.io/paypay/jobs/5677616004,営業企画（戦略立案/企画推進担当）,Hybrid,,,,営業企画の戦略立案と企画推進を担当するポジションで、勤務地はハイブリッドです。応募要件や勤務条件の詳細は記載されていませんが、戦略的思考と企画力が求められます。興味のある方は、具体的な条件を確認の上応募してください。,営業企画,戦略立案や企画推進を担当するポジションです。市場分析や競合調査を行い、営業戦略を策定します。また、プロジェクトの進行管理やチームとの連携も重要な役割です。,営業やマーケティングの経験がある方。戦略的思考ができ、コミュニケーション能力に優れた方を求めています。,フルタイム勤務。勤務地は東京で、リモートワークの可能性もあります。
https://job-boards.greenhouse.io/paypay/jobs/5677623004,戦略推進（マーケティングオペレーションスペシャリスト）,Hybrid,,,,戦略推進（マーケティングオペレーションスペシャリスト）の求人で、勤務地はハイブリッドです。応募要件や具体的な仕事内容は記載されていませんが、マーケティング分野での専門知識が求められる可能性があります。勤務条件についての詳細も不明ですが、柔軟な働き方が期待されます。,マーケティングオペレーションスペシャリスト,戦略的なマーケティング活動を推進し、オペレーションの効率化を図る役割を担います。,マーケティング関連の経験、データ分析能力、プロジェクト管理スキルが求められます。,フルタイム、リモート勤務可、給与は経験に応じて決定します。
https://job-boards.greenhouse.io/paypay/jobs/5681480004,決済ソリューション企画・推進リード,Hybrid,,,,決済ソリューションの企画・推進を担当するリード職で、勤務地はハイブリッド勤務です。応募要件や具体的な仕事内容は記載されていませんが、決済関連の経験が求められる可能性があります。勤務条件についての詳細は不明です。,決済ソリューション企画・推進リーダー,当社の決済ソリューションの企画と推進を担当していただきます。市場のニーズを分析し、戦略を立てて実行する役割です。,関連分野での経験があり、プロジェクトマネジメントスキルを持つ方。コミュニケーション能力が高く、チームでの協力ができる方を歓迎します。,フルタイム勤務。リモートワークの可能性あり。
https://job-boards.greenhouse.io/paypay/jobs/5681483004,SMB向け加盟店サービスのグロース・AI推進リード,Hybrid,,,,SMB向け加盟店サービスのグロースおよびAI推進を担当するリーダーを募集しています。勤務地はハイブリッドで、具体的な仕事内容や応募要件は記載されていません。興味のある方は詳細を確認の上、応募を検討してください。,SMB向け加盟店サービスのグロース・AI推進リード,このポジションでは、中小企業向けの加盟店サービスの成長を促進し、AI技術を活用した戦略を推進します。,関連する分野での経験、AI技術に関する知識、プロジェクト管理能力が求められます。,フルタイム、リモート勤務可、給与は経験に応じて決定します。
https://job-boards.greenhouse.io/paypay/jobs/5681486004,新規事業開発・サービス企画 / リーダー候補（決済・資金移動サービス）,Hybrid,,,,新規事業開発・サービス企画のリーダー候補を募集しており、決済や資金移動サービスに関する経験が求められます。勤務地はハイブリッド勤務で、柔軟な働き方が可能です。応募要件や勤務条件の詳細は記載されていませんが、リーダーシップと企画力が重視されるポジションです。,新規事業開発・サービス企画リーダー候補,決済や資金移動サービスに関する新規事業の開発やサービス企画を担当します。市場調査や競合分析を行い、ビジネス戦略を策定します。,関連する業界での経験があり、プロジェクトマネジメントスキルを持つ方。コミュニケーション能力が高く、チームをリードできる方を歓迎します。,フルタイム勤務。勤務地は東京。
https://job-boards.greenhouse.io/paypay/jobs/5681489004,新規事業開発・サービス企画 / リーダー候補（メーカー向け販促サービス）,Hybrid,,,,新規事業開発・サービス企画のリーダー候補を募集しており、勤務地はハイブリッドです。メーカー向けの販促サービスに関わる業務を担当します。応募要件や勤務条件は詳細未記載ですが、リーダーシップや企画力が求められるポジションです。,新規事業開発・サービス企画リーダー候補,メーカー向けの販促サービスに関する新規事業の開発とサービス企画を担当します。市場調査や顧客ニーズの分析を行い、戦略的なプランを立案します。,新規事業開発やサービス企画の経験がある方。コミュニケーション能力が高く、チームをリードできる方を求めています。,フルタイム勤務。勤務地は東京。
https://job-boards.greenhouse.io/paypay/jobs/5681496004,CS業務企画（業務変革推進担当）,Hybrid,,,,CS業務企画（業務変革推進担当）のポジションで、勤務地はハイブリッドです。応募要件や具体的な仕事内容は記載されていませんが、業務変革に関わる企画業務を担当します。興味のある方は詳細を確認の上、応募を検討してください。,CS業務企画（業務変革推進担当）,,,
https://job-boards.greenhouse.io/paypay/jobs/5683465004,CSシステム企画（業務変革推進担当/ボイス・テキスト担当）,Hybrid,,,,CSシステム企画の業務変革推進担当およびボイス・テキスト担当を募集しています。勤務地はハイブリッドで、具体的な仕事内容や応募要件は記載されていません。勤務条件についての詳細も不明ですが、柔軟な働き方が期待されます。,CSシステム企画（業務変革推進/ボイス・テキスト担当）,,,
https://job-boards.greenhouse.io/paypay/jobs/5683668004,Backend Engineer,Hybrid,PayPay is looking for a Backend Engineer to work on our payment system to deliver the best payment experience for our customers.,"4+ years of experience in using Java under professional environment, or if you are non-Java user, excellent skills in generalized programming languages, such as Scala, Python, and Go. Interest and ability to learn other coding languages as needed. Experience with NoSQL databases and distributed cache. Strong fundamentals in data structures, algorithms and object-oriented programming. In-depth understanding of concurrency and distributed computing. Degree in Computer Engineering or Computer Science or 5+ years equivalent experience in SaaS platform development. Business level of English or Japanese. Hands-on experience with AI/LLM tools (e.g., ChatGPT, GitHub Copilot, Gemini, CodeWhisperer, or similar) in professional software development.",,PayPayでは、決済システムのバックエンドエンジニアを募集しています。応募には、Javaまたは他のプログラミング言語での4年以上の経験、NoSQLデータベースや分散キャッシュの知識、データ構造やアルゴリズムの基礎が求められます。英語または日本語のビジネスレベルのスキルとAIツールの実務経験も必要です。,バックエンドエンジニア,PayPayでは、顧客に最高の決済体験を提供するための決済システムに取り組むバックエンドエンジニアを募集しています。,プロフェッショナルな環境でのJava使用経験が4年以上、またはJava以外のプログラミング言語（Scala、Python、Goなど）に優れたスキルを持っていること。必要に応じて他のコーディング言語を学ぶ意欲と能力。NoSQLデータベースや分散キャッシュの経験。データ構造、アルゴリズム、オブジェクト指向プログラミングの基礎がしっかりしていること。並行処理や分散コンピューティングに関する深い理解。コンピュータ工学またはコンピュータサイエンスの学位、またはSaaSプラットフォーム開発における5年以上の同等の経験。ビジネスレベルの英語または日本語。プロフェッショナルなソフトウェア開発におけるAI/LLMツール（例：ChatGPT、GitHub Copilot、Gemini、CodeWhispererなど）の実務経験。,
https://job-boards.greenhouse.io/paypay/jobs/5686546004,事業戦略・事業企画 / リーダー候補,Hybrid,,,,事業戦略・事業企画のリーダー候補を募集しており、勤務地はハイブリッドです。応募要件や具体的な仕事内容は記載されていませんが、戦略的思考やリーダーシップが求められるポジションです。興味のある方は詳細を確認の上、応募を検討してください。,事業戦略・企画リーダー候補,,,
https://job-boards.greenhouse.io/paypay/jobs/5686555004,新規事業開発・サービス企画 / 部長候補,Hybrid,,,,新規事業開発・サービス企画の部長候補を募集しています。勤務地はハイブリッドで、具体的な仕事内容や応募要件は未記載です。応募を検討する際は、企業のニーズに合った経験やスキルを確認してください。,新規事業開発・サービス企画部長候補,新規事業の立ち上げやサービス企画を担当し、戦略的なビジョンを持ってプロジェクトを推進します。,関連分野での経験があり、リーダーシップ能力が求められます。ビジネス戦略や市場分析のスキルが必要です。,フルタイム勤務、勤務地は東京。
https://job-boards.greenhouse.io/paypay/jobs/5698854004,データ戦略推進企画担当,Hybrid,,,,データ戦略推進企画担当の求人で、勤務地はハイブリッド勤務です。具体的な仕事内容や応募要件は記載されていませんが、データ戦略に関わる企画業務を担当します。勤務条件についての詳細も不明です。,データ戦略推進担当,データ戦略の立案と実行を担当し、データを活用したビジネスの最適化を図ります。データ分析を通じて、戦略的な意思決定をサポートします。,データ分析の経験がある方。関連する学位または資格をお持ちの方が望ましい。コミュニケーション能力が高く、チームでの協働ができる方。,フルタイム勤務。リモートワークの可能性あり。
https://job-boards.greenhouse.io/paypay/jobs/5700931004,Product Security Engineer (Infrastructure),Hybrid,"The PayPay Product Security team is looking for experienced infrastructure security engineers to lead improvements to our infrastructure and operational security, and introduce key security solutions.
PayPay Product Security team is responsible for driving the application security and infrastructure security changes within the product division - the part of PayPay responsible for development and operations of the PayPay app. A strong candidate for the infrastructure security engineer position will be knowledgeable about modern infrastructure solutions (such as Kubernetes, various public clouds and their services, message brokers and so on), security challenges and threats relevant to them, and have experience in one of the following areas:
Leading projects to improve infrastructure security at scale (e.g. introducing role-based access control, hardening K8s configurations, introducing temporary access credentials for database access, and so on) Introducing and improving security orchestration and automation, as well as solution to gather, store and analyze security events and assets","2+ years of infrastructure security or relevant experience Solid understanding of security principles, protocols, and best practices Solid programming skills in one or more programming languages, such as Java, Python, Golang Experience leading projects in any kind of security solutions, such as CNAPP, PAM, IDS/IPS, SIEM, SOAR, WAF, NGFW, etc Hands-on experience with cloud platforms, preferably AWS Hands-on Terraform experience. Experience with other IAC tools is also acceptable Hands-on experience with CI/CD pipelines and tools like Github Action, Jenkins, ArgoCD, etc Strong teamwork skills and the ability to collaborate with others in a diverse environment Enjoy taking up a challenge and driving it to a conclusion",,PayPayでは、インフラストラクチャのセキュリティエンジニアを募集しており、主にインフラと運用のセキュリティ向上をリードする役割です。応募者は、2年以上のインフラセキュリティ経験やプログラミングスキル、クラウドプラットフォーム（特にAWS）での実務経験が求められます。ハイブリッド勤務で、セキュリティソリューションのプロジェクトリーダーシップやチームワーク能力が重要です。,プロダクトセキュリティエンジニア（インフラ）,PayPayのプロダクトセキュリティチームでは、インフラと運用のセキュリティを改善し、重要なセキュリティソリューションを導入する経験豊富なインフラセキュリティエンジニアを募集しています。プロダクト部門内でアプリケーションセキュリティとインフラセキュリティの変更を推進するのが私たちの役割です。インフラセキュリティエンジニアの強い候補者は、Kubernetesやさまざまなパブリッククラウド、そのサービス、メッセージブローカーなどの現代的なインフラソリューションに関する知識があり、それに関連するセキュリティの課題や脅威を理解し、以下のいずれかの分野での経験を持っています：インフラセキュリティの改善プロジェクトのリード（例：ロールベースのアクセス制御の導入、K8s設定の強化、データベースアクセスのための一時的なアクセス資格情報の導入など）、セキュリティのオーケストレーションと自動化の導入・改善、セキュリティイベントや資産を収集、保存、分析するためのソリューションの導入。,インフラセキュリティまたは関連分野での2年以上の経験。セキュリティの原則、プロトコル、ベストプラクティスに関する確かな理解。Java、Python、Golangなど、1つ以上のプログラミング言語での確かなプログラミングスキル。CNAPP、PAM、IDS/IPS、SIEM、SOAR、WAF、NGFWなどのセキュリティソリューションにおけるプロジェクトリードの経験。AWSなどのクラウドプラットフォームでの実務経験。Terraformの実務経験。他のIACツールの経験も可。CI/CDパイプラインやGithub Action、Jenkins、ArgoCDなどのツールでの実務経験。強いチームワークスキルと多様な環境での他者との協力能力。挑戦を楽しみ、最後までやり遂げる意欲。,
https://job-boards.greenhouse.io/paypay/jobs/5704640004,業務変革・プロジェクト推進担当（AI活用推進）,Hybrid,,,,業務変革・プロジェクト推進担当（AI活用推進）のポジションで、勤務地はハイブリッドです。応募要件や勤務条件は具体的に記載されていませんが、AIを活用した業務改善に関心がある方に適しています。,業務変革・プロジェクト推進担当,AIを活用した業務変革の推進に関わるプロジェクトを担当します。新しい技術を取り入れ、業務の効率化や改善を図る役割です。,プロジェクト管理の経験がある方。AIやデジタル技術に関する知識があると尚良し。コミュニケーション能力が高い方を求めています。,フルタイム勤務。リモートワークの可能性あり。
https://job-boards.greenhouse.io/paypay/jobs/5704642004,システム基盤構築・自動化推進担当（AI活用推進）,Hybrid,,,,システム基盤構築と自動化推進を担当するポジションで、AIの活用を推進します。勤務地はハイブリッドで、応募要件や勤務条件は記載されていません。興味のある方は詳細を確認してください。,システム基盤構築・自動化推進担当,AIを活用したシステム基盤の構築と自動化の推進を担当します。,システム構築や自動化に関する知識・経験が求められます。AI技術に関する理解があると尚良いです。,勤務時間や勤務地については、詳細を面談時にお伝えします。
https://job-boards.greenhouse.io/paypay/jobs/5718915004,マーケティング戦略推進,Hybrid,,,,マーケティング戦略推進の職種で、勤務地はハイブリッド（リモートとオフィスの併用）です。具体的な仕事内容や応募要件は記載されていませんが、マーケティングに関する戦略的な業務を担当します。勤務条件についての詳細も未記載です。,マーケティング戦略推進,当社のマーケティング戦略を推進し、ブランドの認知度向上や市場シェアの拡大を目指します。データ分析を通じて効果的な施策を立案し、実行します。,マーケティングまたは関連分野での経験がある方。データ分析スキル、コミュニケーション能力、チームでの協働が得意な方を歓迎します。,フルタイム勤務。勤務地は東京。リモートワークの可能性あり。
https://job-boards.greenhouse.io/paypay/jobs/5725803004,営業支援担当（営業管理・統制推進）,Hybrid,,,,営業支援担当として、営業管理や統制推進を行うポジションです。勤務地はハイブリッドで、柔軟な働き方が可能です。応募要件や勤務条件は詳細未記載ですが、営業関連の経験が求められる可能性があります。,営業支援担当,営業管理や統制の推進を担当します。営業チームのサポートを行い、業務の効率化を図ります。,営業経験があり、コミュニケーション能力が高い方。データ分析や報告書作成のスキルがあると尚良い。,フルタイム勤務。勤務地は東京。
https://job-boards.greenhouse.io/paypay/jobs/5729739004,金融事業企画・データ分析担当（決済・クレジット領域）,Hybrid,,,,金融事業企画・データ分析担当として、決済・クレジット領域の業務に従事します。勤務地はハイブリッドで、応募要件や勤務条件は詳細未記載です。興味のある方は、具体的な条件を確認の上、応募を検討してください。,金融事業企画・データ分析担当,決済やクレジットに関連する金融事業の企画やデータ分析を行います。,金融業界での経験やデータ分析のスキルが求められます。,詳細な勤務条件は面談時にお伝えします。
https://job-boards.greenhouse.io/paypay/jobs/5733829004,Product Manager / プロダクトマネージャー (New Bank Project),Hybrid,,,,プロダクトマネージャー（New Bank Project）の求人で、勤務地はハイブリッドです。応募者はプロダクト開発や市場分析の経験が求められます。詳細な仕事内容や勤務条件は記載されていません。,プロダクトマネージャー (新銀行プロジェクト),,,
https://job-boards.greenhouse.io/paypay/jobs/5741219004,生成AI×データ分析推進リード（営業戦略）,Hybrid,,,,生成AIとデータ分析を活用した営業戦略の推進リーダーを募集しています。勤務地はハイブリッドで、応募要件や勤務条件については詳細が記載されていません。興味のある方は、さらに情報を確認することをお勧めします。,生成AIとデータ分析推進リード,営業戦略における生成AIとデータ分析の推進を担当します。データを活用して営業戦略を最適化し、ビジネスの成長を促進する役割です。,データ分析や生成AIに関する知識・経験がある方。営業戦略の立案や実行に関する経験が望ましい。,フルタイム、リモート勤務可。
https://job-boards.greenhouse.io/paypay/jobs/5765333004,資産運用事業戦略企画（リーダー候補）,Hybrid,,,,資産運用事業戦略企画のリーダー候補を募集しています。勤務地はハイブリッドで、戦略立案や実行に関わる業務を担当します。応募には関連経験やリーダーシップスキルが求められます。,資産運用事業戦略企画リーダー候補,,,
https://job-boards.greenhouse.io/paypay/jobs/5779588004,Product PMO,Hybrid,,"[Project Management Experience] - At least 5 years of project management experience - At least 3 years of program management experience - Exposure to portfolio management - Experience managing large-scale, complex projects. [Related Degrees or Certifications] - Bachelor's degree or higher in business administration, computer science, mathematics, or an equivalent field - PMP, PRINCE2, or equivalent project management/PMO certification [Problem-Solving Skills] - Systematic and disciplined approach utilising established methodologies [Tool Proficiency] - Working knowledge of project management tools such as Microsoft Project and JIRA. [Language Skills] - Japanese (native language) - English (conversational-level)",,Product PMOのポジションで、ハイブリッド勤務が可能です。応募には、5年以上のプロジェクト管理経験と3年以上のプログラム管理経験、関連する学位または資格（PMPなど）が必要です。日本語がネイティブで、英語は会話レベルのスキルも求められます。,プロダクトPMO,,【プロジェクト管理経験】 - プロジェクト管理の経験が5年以上 - プログラム管理の経験が3年以上 - ポートフォリオ管理の経験 - 大規模で複雑なプロジェクトの管理経験【関連する学位または資格】 - 経営学、コンピュータサイエンス、数学、または同等の分野での学士号以上 - PMP、PRINCE2、または同等のプロジェクト管理/PMO資格【問題解決スキル】 - 確立された手法を用いた体系的かつ規律あるアプローチ【ツールの習熟度】 - Microsoft ProjectやJIRAなどのプロジェクト管理ツールの実務知識【語学スキル】 - 日本語（母国語） - 英語（会話レベル）,
https://job-boards.greenhouse.io/paypay/jobs/5782672004,マーケティング推進（プロダクトマーケティング/CRM施策推進）,Hybrid,,,,マーケティング推進の職種で、プロダクトマーケティングやCRM施策の推進を担当します。勤務地はハイブリッドで、柔軟な働き方が可能です。応募要件や勤務条件は具体的に記載されていませんが、マーケティングに関する経験が求められる可能性があります。,マーケティング推進,プロダクトマーケティングやCRM施策の推進を担当します。,関連する経験やスキルをお持ちの方を歓迎します。,詳細な勤務条件についてはお問い合わせください。
https://job-boards.greenhouse.io/paypay/jobs/5817540004,Senior Product Manager,Hybrid,,"Bachelor’s degree in a technology related field or at least 3yrs of technical experience. At Least 4 years of Product Management or an equivalent role Business level of English language (written, verbal)",,シニアプロダクトマネージャーの求人で、勤務地はハイブリッドです。応募には技術関連の学士号または3年以上の技術経験、4年以上のプロダクトマネジメント経験が必要で、ビジネスレベルの英語力も求められます。,シニアプロダクトマネージャー,,技術関連分野の学士号または少なくとも3年の技術経験。プロダクトマネジメントまたは同等の役割での4年以上の経験。ビジネスレベルの英語力（読み書き、会話）。,
https://job-boards.greenhouse.io/paypay/jobs/5818516004,データガバナンス推進,Hybrid,,,,データガバナンス推進の職種で、勤務地はハイブリッド勤務です。応募要件や具体的な仕事内容は記載されていませんが、データ管理やガバナンスに関する経験が求められる可能性があります。勤務条件についての詳細は不明です。,データガバナンス推進,,,
https://job-boards.greenhouse.io/paypay/jobs/5818643004,セキュリティマネジメント（セキュリティ推進）,Hybrid,,,,セキュリティマネジメント（セキュリティ推進）のポジションで、勤務地はハイブリッドです。応募要件や具体的な仕事内容は記載されていませんが、セキュリティ分野での経験が求められる可能性があります。勤務条件についての詳細は不明です。,セキュリティマネジメント,セキュリティ推進に関する業務を担当します。,関連する資格や経験が求められます。,勤務条件については別途ご案内します。
